abbreviation,expanded_form,category
(I) qsl,2nd Class Interpreter in a Modern Foreign Language,MILITARY QUALIFICATIONS
(L) qsl,Ist Class Interpreter in a Modern Foreign Language,MILITARY QUALIFICATIONS
122 MM HE D30,HE D30 Reduced Charge,TABLE II – FIELD ARTILLERY AMMUNITION
122 MM HE D30 ERFB/BB F/CHG * FUZ,Full Charge Fuze No*,TABLE II – FIELD ARTILLERY AMMUNITION
122 MM HE D30 F/CHG * FUZ,HE D30 Full Charge Fuze No*,TABLE II – FIELD ARTILLERY AMMUNITION
122 MM ILL D30,Illuminating D30 Reduced,TABLE II – FIELD ARTILLERY AMMUNITION
155 MM BB DP-ICM,"Projectile 155 MM BB DP- ICM, K 310",TABLE II – FIELD ARTILLERY AMMUNITION
155 MM HE ERFB/HB,With Fuze* Charge,TABLE II – FIELD ARTILLERY AMMUNITION
17 PR APCBC,APCBC,TABLE I – TANK AND ANTI-TANK AMMUNITION
17 PR CLEARING,Clearing,TABLE I – TANK AND ANTI-TANK AMMUNITION
17 PR HE RED*,HE/T Reduced Charge Fuze,TABLE I – TANK AND ANTI-TANK AMMUNITION
17 PR HE* FUZ,HE/T Fuze No*,TABLE I – TANK AND ANTI-TANK AMMUNITION
17 PR RED PRAC,Reduced charge practice,TABLE I – TANK AND ANTI-TANK AMMUNITION
2 BT WP LR,Smoke WP Long Range,TABLE IV – MORTAR AMMUNITION
2 BT WP SR,Smoke WP Short Range,TABLE IV – MORTAR AMMUNITION
2 Lt,Second Lieutenant,RANKS
2 MOR HE* FUZ,HE Fuze No*,TABLE IV – MORTAR AMMUNITION
2 MOR ILL,Illuminating with Parachute,TABLE IV – MORTAR AMMUNITION
2 MOR MULTI GREEN,Multi Star Green,TABLE IV – MORTAR AMMUNITION
2 MOR MULTI RED,Multi Star Red,TABLE IV – MORTAR AMMUNITION
2 MOR MULTI RED- GREEN,Multi Star Red and Green,TABLE IV – MORTAR AMMUNITION
2 MOR SIG GREEN,Single Star Green,TABLE IV – MORTAR AMMUNITION
2 MOR SIG RED,Single Star Red,TABLE IV – MORTAR AMMUNITION
2 MOR SMK,Smoke,TABLE IV – MORTAR AMMUNITION
2 PR AP FUZ,AP Shell Fuze No*,TABLE I – TANK AND ANTI-TANK AMMUNITION
2 PR HE * FUZ,HE Shell Fuze No*,TABLE I – TANK AND ANTI-TANK AMMUNITION
2 PR HVHE* FUZ,HV HE/T Shell No*,TABLE I – TANK AND ANTI-TANK AMMUNITION
26 MM ILL,Flares Illuminating 26 MM,TABLE V – PYROTECHNICS
26 MM SIG GREEN,Flares Signal Green 26 MM,TABLE V – PYROTECHNICS
26 MM SIG RED,Flares Signal Red 26 MM,TABLE V – PYROTECHNICS
2IC,Second-in-Command,APPOINTMENTS (LESS THOSE COVERED IN HIGHER DEF ORG)
3 MOR HE* FUZ,HE Fuze No*,TABLE IV – MORTAR AMMUNITION
3 MOR SMK BE,Green,TABLE IV – MORTAR AMMUNITION
3 MOR SMK BE *,Green,TABLE IV – MORTAR AMMUNITION
3 MOR SMK BE* FUZ,Smoke BE Fuze No* Smoke BE Blue,TABLE IV – MORTAR AMMUNITION
3 MOR SMK CSAM* FUZ,Smoke CSAM Fuze No*,TABLE IV – MORTAR AMMUNITION
3 MOR SMK FM* FUZ,Smoke FM Fuze No*,TABLE IV – MORTAR AMMUNITION
3 MOR WP* FUZ,Smoke WP Fuze No*,TABLE IV – MORTAR AMMUNITION
37 MM AP (CHE),AP-T (Chinese),TABLE III – AD AMMUNITION
37 MM HE,HE-T Complete,TABLE III – AD AMMUNITION
37MM HE (CHE),Cartridges QF 37 MM HE-T Complete (Chinese),TABLE III – AD AMMUNITION
40 MM AP,AP-T,TABLE III – AD AMMUNITION
40 MM APC,APC-T,TABLE III – AD AMMUNITION
40 MM CLEARING,Clearing,TABLE III – AD AMMUNITION
40 MM HE FUZ,HE-T Fuze No*,TABLE III – AD AMMUNITION
40 MM HEI FUZ,HEI-T Fuze,TABLE III – AD AMMUNITION
40 MM PRAC PROJ,Practice Projectile,TABLE III – AD AMMUNITION
40 MM SAP,SAP-T,TABLE III – AD AMMUNITION
5 Point 5 CART FOURTH,For 80 lb Shell,TABLE II – FIELD ARTILLERY AMMUNITION
5 Point 5 CART SECOND,For 100 lb Shell,TABLE II – FIELD ARTILLERY AMMUNITION
5 Point 5 CART SUPER,Super,TABLE II – FIELD ARTILLERY AMMUNITION
5 Point 5 HE,HE 80 lb,TABLE II – FIELD ARTILLERY AMMUNITION
5 Point 5 HE 100 lb,HE 100 lb,TABLE II – FIELD ARTILLERY AMMUNITION
51 MM MOR HE (BOFORS),Bomb ML HE 51 MM Mortars (Bofors),TABLE IV – MORTAR AMMUNITION
51 MM/2 MOR SMK,Bomb ML Smoke 51 MM/2-in,TABLE IV – MORTAR AMMUNITION
51 MM/2 MOR SMK,Bombs ML SMOKE 51,TABLE IV – MORTAR AMMUNITION
51 MM/2 MOR SMK (BELG),Bomb ML Smoke 51 MM/2-in Mortars (Belgium),TABLE IV – MORTAR AMMUNITION
57 MM HE (CHE),Cartridges QF 57 MM HE-T Complete (Chinese),TABLE III – AD AMMUNITION
6 PR 7 APCBC,APCBC,TABLE I – TANK AND ANTI-TANK AMMUNITION
6 PR 7 APCBC DEC,HV APCBC De coppering,TABLE I – TANK AND ANTI-TANK AMMUNITION
6 PR 7 APDS,APDS,TABLE I – TANK AND ANTI-TANK AMMUNITION
6 PR 7 HE * FUZ TRA,HE/T Fuze No*,TABLE I – TANK AND ANTI-TANK AMMUNITION
6 PR 7 PRAC,Practice,TABLE I – TANK AND ANTI-TANK AMMUNITION
6 PR 7 RED PRAC,Reduced charge practice,TABLE I – TANK AND ANTI-TANK AMMUNITION
6 PR HE * FUZ,HE Fuze No*,TABLE I – TANK AND ANTI-TANK AMMUNITION
7 Point 2 CART FOURTH,4th Charge,TABLE II – FIELD ARTILLERY AMMUNITION
7 Point 2 CART INCR,5th Charge increment,TABLE II – FIELD ARTILLERY AMMUNITION
7 Point 2 CART THIRD,3rd Charge,TABLE II – FIELD ARTILLERY AMMUNITION
7 Point 2 HE,HE,TABLE II – FIELD ARTILLERY AMMUNITION
7 POINT 62 MM FOR,Cartridges 7.62 MM with tracing,TABLE VII — GRENADES
7 POINT 9 BALL,Cartridges SA Ball 7.9 MM BERNO,TABLE X – SMALL ARMS LAND SERVICE AMMUNITION
7 POINT 9 BALL BDR,Cartridges SA Ball 7.9 MM BERNO Rifle Bandolier Packed,TABLE X – SMALL ARMS LAND SERVICE AMMUNITION
7 POINT 9 BALL CTN,Cartridges SA Ball 7.9 MM BERNO Rifle Carton Packed,TABLE X – SMALL ARMS LAND SERVICE AMMUNITION
7 POINT 92,Cartridges SA Ball/Tracer/Armour,TABLE X – SMALL ARMS LAND SERVICE AMMUNITION
7 POINT 92 AP BESA,Cartridges SA Armour Piercing 7.92 MM (all marks) BESA,TABLE X – SMALL ARMS LAND SERVICE AMMUNITION
7 POINT 92 BALL,Cartridges SA Ball 7.92 MM (all,TABLE X – SMALL ARMS LAND SERVICE AMMUNITION
7 POINT 92 BALL TRA,Cartridges SA Ball/Tracer 7.92 MM,TABLE X – SMALL ARMS LAND SERVICE AMMUNITION
7 POINT 92 INCDY,Cartridges SA Incendiary 7.92 MM,TABLE X – SMALL ARMS LAND SERVICE AMMUNITION
7 POINT 92 TRA,Cartridges SA Tracer 7.92 MM (all,TABLE X – SMALL ARMS LAND SERVICE AMMUNITION
75 MM AP,AP,TABLE II – FIELD ARTILLERY AMMUNITION
75 MM HE SUPER* FUZ,HE Super Charge Fuze No*,TABLE II – FIELD ARTILLERY AMMUNITION
75 MM PR HE * FUZ (CHE),HE with Fuze* (Chinese),TABLE II – FIELD ARTILLERY AMMUNITION
75 MM RR HEAT,HEAT P1 Mk1 Fuzed*,TABLE II – FIELD ARTILLERY AMMUNITION
75 MM RR HEAT* FUZ (CHE),HEAT with Fuze (Chinese),TABLE II – FIELD ARTILLERY AMMUNITION
75 MM SMK EMIS,Smoke Emission,TABLE II – FIELD ARTILLERY AMMUNITION
76 MM HE RED* FUZ,HE Reduced Charge Fuzed*,TABLE I – TANK AND ANTI-TANK AMMUNITION
76 MM PAC* FUZ,APC-T Fuzed*,TABLE I – TANK AND ANTI-TANK AMMUNITION
81 MM MOR HE HY,HE 14 lbs Heavy (Brandt),TABLE IV – MORTAR AMMUNITION
81 MM MOR HE HY (BRDT),HE 14 lbs Heavy (Brandt) Complete,TABLE IV – MORTAR AMMUNITION
81 MM MOR HE LT,HE 7 lbs Light (Brandt),TABLE IV – MORTAR AMMUNITION
81 MM MOR HE LT (BRDT),HE 7 lbs Light (Brandt) Complete,TABLE IV – MORTAR AMMUNITION
81 MM MOR SMK,Smoke FM 7 lbs Light,TABLE IV – MORTAR AMMUNITION
81 MM MOR WP LT,Smoke WP 7 lbs Light,TABLE IV – MORTAR AMMUNITION
83 MM PRIM RKT 83 MM,Primer Percussion Rocket,TABLE IX – ROCKETS AND GUIDED MISSILES
85 MM APC (CHE),APC/T (Chinese),TABLE I – TANK AND ANTI-TANK AMMUNITION
85 MM HE RED*,HE Reduced charge Fuze,TABLE I – TANK AND ANTI-TANK AMMUNITION
85 MM HE* FUZ (CHE),HE Full charge Fuze Type* (Chinese),TABLE I – TANK AND ANTI-TANK AMMUNITION
A,Acting or assistant (both with abbreviated titles),APPOINTMENTS (LESS THOSE COVERED IN HIGHER DEF ORG)
A (Br),Adjutant General’s (Branch),general
A (Matters),Adjutant General’s (Matters),general
A (PA),Personnel Administration,general
A (PS),Personnel Services,general
A (Staff),Adjutant General’s (Staff),general
A hel op,Anti-helicopter borne Operation,general
A pers,Anti-personnel,general
A Sup,Air Supply,general
A tk,Anti-Tank,general
a/m,Above mentioned,general
a/n,above named,general
a/n,Above noted,general
a/q,Above quoted,general
a/r,Above referred,general
AA,Above Average,general
AA&QMG,Assistant Adjutant and Quartermaster General,APPOINTMENTS (LESS THOSE COVERED IN HIGHER DEF ORG)
AAC,Army Aviation Corps,general
AAD,Army Air Defence,general
AADC,Army Air Defence Centre,general
AADC,Army Air Defence Commander,APPOINTMENTS (LESS THOSE COVERED IN HIGHER DEF ORG)
AADC,Army Air Defence Corps,general
AADM,Active Air Defence Measures,general
AAM,Air to Air Missile,general
AAO,Air Assault Operation,general
AATO,Army Air Transport Organisation,general
AAX,Anti-Aircraft Executive,APPOINTMENTS (LESS THOSE COVERED IN HIGHER DEF ORG)
AB,Able Seaman,RANKS
AB,Airborne,general
AB,Airborne,ammunition
ABOP,Airborne Observation Post,general
ABP,All Burnt Point,ammunition
abvn,Abbreviation,general
ac,Aircraft,general
AC,Aircraftman,RANKS
AC,Armoured Corps,general
ACAS (Air Def),Assistant Chief of Air Staff (Air Defence),STAFF AND APPTS
ACAS (FS),Assistant Chief of Air Staff (Flight Safety),STAFF AND APPTS
ACAS (Ops),Assistant Chief of Air Staff (Operations),STAFF AND APPTS
ACAS (Plans),Assistant Chief of Air Staff (Plans),STAFF AND APPTS
ACBO,Assistant Counter-Bombardment Officer,APPOINTMENTS (LESS THOSE COVERED IN HIGHER DEF ORG)
accn,Accommodation,general
ACCO,Assistant Crossing Control Officer,general
acct,Account,general
acct,Accountant,general
acct,Accounted,general
acct,Accounting,general
ack,Acknowledge,general
ack,Acknowledged,general
ack,Acknowledgement,general
acln,Acclimatisation,general
acln,acclimatising,general
ACNS (Admin),Assistant Chief of Naval Staff (Administration),STAFF AND APPTS
ACNS (B&M),Assistant Chief of Naval Staff (Budget & Maintenance),STAFF AND APPTS
ACNS (Maint),Assistant Chief of Naval Staff (Maintenance),STAFF AND APPTS
ACNS (O),Assistant Chief of Naval Staff (Operations),STAFF AND APPTS
ACNS (P),Assistant Chief of Naval Staff (Personnel),STAFF AND APPTS
ACNS (Plans),Assistant Chief of Naval Staff (Plans),STAFF AND APPTS
ACNS (S),Assistant Chief of Naval Staff (Supply),STAFF AND APPTS
ACNS (Tech),Assistant Chief of Naval Staff (Technical),STAFF AND APPTS
ACNS (Trg),Assistant Chief of Naval Staff (Training),STAFF AND APPTS
ACNS (Works),Assistant Chief of Naval Staff (Works),STAFF AND APPTS
ACR,Annual Confidential Report,general
ACSO,Assistant Chief Security Officer,general
ACT,Air Control Team,general
ACV,Armoured Command Vehicle,general
AD,Air Defence,general
ADA,Air Defence Alert,general
ADC,Aide-de-Camp,APPOINTMENTS (LESS THOSE COVERED IN HIGHER DEF ORG)
ADC,Army Dental Corps,general
ADCO,Assistant Dispersal Control Officer,general
addl,Additional,general
addn,Addition,general
addsd,Addressed,general
adjt,Adjutant,APPOINTMENTS (LESS THOSE COVERED IN HIGHER DEF ORG)
adm,Administration,general
adm,administrative,general
adm,administratively,general
Adm,Admiral,RANKS
ADM,Atomic Demolition Munitions,ammunition
Adm A,Administrative Area,general
Adm Comd,Administrative Command,STAFF AND APPTS
Adm O,Administrative Order,general
ADMS,Assistant Director Medical Services,APPOINTMENTS (LESS THOSE COVERED IN HIGHER DEF ORG)
ADOC,Air Defence Operations Centre,general
ADOS,Assistant Director Ordnance Services,APPOINTMENTS (LESS THOSE COVERED IN HIGHER DEF ORG)
ADPS,Automated Data Processing System,general
ADS,Advance Dressing Station,general
ADS,Advance Dressing Stations,general
adsc,Gunnery Staff Course (Air Defence),MILITARY QUALIFICATIONS
adv,Advance,general
adv,Advanced,general
adv,Advancing,general
adv,Advantage,general
adv,Advantageous,general
adym,Aerodynamics,general
AE,"Ammunition Examiner, Assistant Engineer",APPOINTMENTS (LESS THOSE COVERED IN HIGHER DEF ORG)
AE,"Assistant Engineer, Ammunition Examiner",APPOINTMENTS (LESS THOSE COVERED IN HIGHER DEF ORG)
AEBG,Army Engineers Brigade Group,general
AEC,Army Education Certificate,general
AEC,Army Education Corps,general
AF,Admiral of the Fleet,RANKS
AF,Armed Forces,general
AFMC,Armed Forces Medical College,general
AFNS,Armed Forces Nursing Service,general
AFSC,Armed Forces Strategic Command,general
AFV,Armoured Fighting Vehicle,general
afwc,Armed Forces War Course,MILITARY QUALIFICATIONS
AG,Adjutant General,STAFF AND APPTS
Ag S Lt,Acting Sub Lieutenant,RANKS
AGL,Above Ground Level,general
AGL,Automatic Grenade Launcher,general
AGL,Automatic Grenade Launcher,ammunition
AGL,Automatic Grenade Launchers,general
AG’s Branch,Adjutant General’s Branch,STAFF AND APPTS
AH,Attack Helicopter,general
AHAS,Army High Altitude School,general
AHD,Anti-Handling Device,ammunition
AHEAD,Advance Hit Efficiency And Destroy,ammunition
AHF,Army Heritage Foundation,STAFF AND APPTS
AHQ,Air Headquarters,general
AHQ,Air Headquarters,STAFF AND APPTS
AHQ (U) Ckl,Air Headquarters (Units) Chaklala,STAFF AND APPTS
AHQ (U) Ibd,Air Headquarters (Units) Islamabad,STAFF AND APPTS
AHQ (U) Pesh,Air Headquarters (Units) Peshawar,STAFF AND APPTS
AHTS,Army Hatf Training School,general
AHU,Army Health Unit,general
AI,Air Interdiction,general
Air Cdr,Air Commodore,RANKS
Air Chf Mshl,Air Chief Marshal,RANKS
Air Mshl,Air Marshal,RANKS
Air Ops Centre,Air Operations Centre,STAFF AND APPTS
AK,Azad Kashmir Regiment’s Battalion,general
AK,e.g. 5 AK,general
AL POWD,Aluminium Powder,ammunition
ALG,Advance Landing Ground,general
ALIFT,Anti-Lift,ammunition
allce,Allowance,general
almt,Allotment,general
ALO,Air Liaison Officer,APPOINTMENTS (LESS THOSE COVERED IN HIGHER DEF ORG)
aloc,Allocate,general
aloc,Allocated,general
aloc,Allocation,general
alt,Altitude,general
altd,Allotted,general
altn,Alternate,general
altn,Alternately,general
altn,alternative,general
AM,Amplitude Modulated,general
AMA,Army Maintenance Area,general
amb,Ambulance,general
AMC,Army Medical Corps,general
amdt,Amendment,general
AMIE (Pak),Associated Member of Institute of the Engineering (Pakistan),MILITARY QUALIFICATIONS
AML,Amatol,ammunition
ammo,Ammunition,general
AMMO,Ammunition,ammunition
AMNL,Ammonal,ammunition
AMNL,Ammonal Banglore Torpedoes 1-1/2 in,TABLE VI – DEMOLITION EXPLOSIVES AND
amph,Amphibian,general
amph,Amphibious,general
AMR,After Mission Report,general
AN,Afternoon,general
anx,Annex,general
AO,Administrative Officer,APPOINTMENTS (LESS THOSE COVERED IN HIGHER DEF ORG)
AOB Fund,Army Officers’ Benevolent Fund,general
AOC,Air Officer Commanding,STAFF AND APPTS
AOC Air Def,Air Officer Commanding Air Defence,STAFF AND APPTS
AOD,Away On Duty,general
AOO,Area of Operation,general
AOR,Area of Responsibility,general
AP,Ammunition Point,general
AP,Armour Piercing,general
AP,Armour Piercing (Solid),ammunition
APC,Armour Piercing Capped,ammunition
APC,Armoured Personnel Carrier,general
APCBC,Armour Piercing Capped Ballistic-cap,ammunition
apch,Approach,general
apch,Approached,general
apch,Approaching,general
APDS,Armour Piercing Discarding Sabot,ammunition
APDS 17 PR APDS,SV,TABLE I – TANK AND ANTI-TANK AMMUNITION
APDS 6 PR 7 APDS SV,SV,TABLE I – TANK AND ANTI-TANK AMMUNITION
APERS,Anti-Personnel,ammunition
APFSDS,Armour Piercing Fin Stabilised Discarding Sabot,ammunition
APHE,Armour Piercing High Explosive,ammunition
APIS,Army Photographic Interpretation Section,general
APIU,Army Photographic Interpretation Unit,general
APM,Anti-Personnel Mine,general
APM,Assistant Provost Marshal,APPOINTMENTS (LESS THOSE COVERED IN HIGHER DEF ORG)
APO,Army Post Office,general
appl,Application,general
appl,Applied,general
appl,Apply,general
approx,Approximate,general
approx,Approximately,general
approx,Approximation,general
appt,Appoint,general
appt,Appointed,general
appt,Appointment,general
appx,Appendix,general
aprc,Appreciate,general
aprc,Appreciated,general
aprc,Appreciation,general
APS (C),Assistant Private Secretary (Chief),STAFF AND APPTS
APS (V),Assistant Private Secretary (Vice Chief),STAFF AND APPTS
APSACS,Army Public School & College System,general
aqn,Acquisition,general
AR,Aiming Rifle,ammunition
AR,Air Raid,general
ARDE,Armament Research and Development Establishment,STAFF AND APPTS
armd,Armoured,general
armr,Armour,general
armt,Armament,general
arng,Arrange,general
arng,Arranged,general
arng,Arrangement,general
arng,Arranging,general
ARO,Assistant Recruiting Officer,APPOINTMENTS (LESS THOSE COVERED IN HIGHER DEF ORG)
ARP,Air Raid Precautions,general
ARP,Ammunition Replenishment Point,general
ARP,Aviation Reconnaissance Patrol,general
arr,Arrival,general
arr,Arrive,general
arr,Arrived,general
arr,Arriving,general
arty,Artillery,general
Arty,Corps of Artillery,general
arty R,Artillery Reconnaissance,general
ARV,Armoured Recovery Vehicle,general
ASC,Army Service Corps,general
ASEC,Army Standing Establishment Committee,general
ASFC,Army Strategic Forces Command,general
asg,Assign,general
asg,Assigned,general
asg,Assigning,general
asg,Assignment,general
aslt,Assault,general
aslt,Assaulted,general
aslt,Assaulting,general
ASM,Air to Surface Missile,general
ASM,Army School of Music,general
ASM,Army Subedar Major,general
ASOC,Air Support Operations Centre,general
ASP,As Soon as Possible,general
ASPT,Army School of Physical Training,general
asst,Assist,general
asst,Assistance,general
asst,Assistant,general
asst,Assisted,general
Asst Naval Secy (ME),Assistant Naval Secretary (Marine Engineers),STAFF AND APPTS
Asst Naval Secy (WE),Assistant Naval Secretary (Weapon Engineers),STAFF AND APPTS
ASSU,Air Support Signals Unit,general
assy,Assembly,general
assy A,Assembly Area,general
AT,Animal Transport,general
ATC,Air Traffic Control,general
ATGM,Anti-Tank Guided Missile,general
ATI,Annual Technical Inspection,general
ATI,Army Training Instructions,general
ATK,Anti-Tank,ammunition
ATK No 3,3,TABLE VIII — MINES
ATLO,Air Transport Liaison Officer,APPOINTMENTS (LESS THOSE COVERED IN HIGHER DEF ORG)
ATM,Anti-Tank Mine,general
ATN,Army Training Note,general
ATO,Ammunition Technical Officer,APPOINTMENTS (LESS THOSE COVERED IN HIGHER DEF ORG)
ATT,Anti-Terrorist(s) Training,general
att,Attach,general
att,Attached,general
att,Attachment,general
attk,Attack,general
attk,Attacked,general
attk,Attacker,general
attk,Attacking,general
attn,Attention,general
audt,Audit,general
audt,Audited,general
audt,Audition,general
AUG,Augmenting,ammunition
AUM,Air to Underwater Missile,general
auth,Authorisation,general
auth,Authorise,general
auth,Authorised,general
auth,Authority,general
auto,Automatic,general
AUTO,Automatic,ammunition
auto,Automatically,general
aux,Auxiliary,general
aval,"Available, availability",general
avg,Average,general
AVLB,Armoured Vehicle Launched Bridge,general
AVM,Air Vice Marshal,RANKS
avn,Aviation,general
AWACS,Airborne Warning and Control System,general
awc,Air War Course,MILITARY QUALIFICATIONS
AWO,Assault Across a Water Obstacle,general
AWOL,Absent Without Leave,general
az,Azimuth,general
B fd,Battlefield,general
B gp,Battle Group,general
B in B,Break in Battle,general
B out B,Break out Battle,general
B Wksp,Base Workshop,general
b/w,Between,general
B3FS2,Bulk Bowzer Based Fuel Supply System,general
BAA,Brigade Administrative Area,general
BAD,Base Ammunition Depot,general
bal,Balance,general
BAL,"Balanced, balancing",ammunition
BALL,Ball,ammunition
BALL/TRA/AP BLT,Piercing 7.92 MM belted,TABLE X – SMALL ARMS LAND SERVICE AMMUNITION
BALL/TRA/AP/INCDY BLT,Piercing/incendiary 7.92 MM belted,TABLE X – SMALL ARMS LAND SERVICE AMMUNITION
Baloch,Baloch Regiment’s Battalion,general
Baloch,e.g. 5 Baloch,general
BANG TORP 10 FT,ft long,TABLE VI – DEMOLITION EXPLOSIVES AND
BANG TORP 6 FT,ft long,TABLE VI – DEMOLITION EXPLOSIVES AND
Bar,Baratol,ammunition
BAS FUZ,Base Fuze,ammunition
BB,Bailey Bridge,general
BBP,Bulk Breaking Point,general
BC,Battery Commander,APPOINTMENTS (LESS THOSE COVERED IN HIGHER DEF ORG)
bchy,Butchery,general
BCW,Biological and Chemical Warfare,general
BD,Base Detonating,ammunition
BD,Battle Dress,general
BD,Bomb Disposal,general
BDA,Border Defence Area,general
bde,Brigade,general
BDR,Bandolier,ammunition
bdry,Boundary,general
bdsm,Bandsman,general
bdsm,bandsmen,general
BE,Base ejection,ammunition
BE 5 Point 5 SMK,Smoke,TABLE II – FIELD ARTILLERY AMMUNITION
be used.,2nd and letters of the country name in capital may,MILITARY QUALIFICATIONS
BECE,Biennial Evaluation of Combat Effectiveness,general
BELG,Belgium,ammunition
BER,Beyond Economical Repair,general
BESA,(all marks) BESA,TABLE X – SMALL ARMS LAND SERVICE AMMUNITION
BESA,marks) BESA,TABLE X – SMALL ARMS LAND SERVICE AMMUNITION
bg,Bearing,general
BHM,"Battalion Havildar Major, Battery Havildar Major",APPOINTMENTS (LESS THOSE COVERED IN HIGHER DEF ORG)
BHOL,Battle Hand Over Line,general
BHQ,Battalion Headquarters,general
BICRACK,Bicat Crackers,TABLE V – PYROTECHNICS
BICRACK STRIP,Bicat Crackers Strip,TABLE V – PYROTECHNICS
bino,Binocular,general
bio,Biographical,general
bio,Biography,general
biv,Bivouac,general
bk,Barrack,general
bkgr,Background,general
bkld,Backload,general
bkld,Backloaded,general
bkld,Backloading,general
BL,Blueland,general
BL,Bomb Line,general
BL (BRDT),Breech loading Brandt,ammunition
BLANK,Blank,ammunition
bldg,Building,general
BLM,Base Line Menu,general
BLOK TNT* LB,Block TNT* lbs,TABLE VI – DEMOLITION EXPLOSIVES AND
BLP,Back loading point,ammunition
BLR,Beyond Local Repair,general
BLST,Ballistic,ammunition
BLT,Belted,ammunition
BLT,belted,TABLE X – SMALL ARMS LAND SERVICE AMMUNITION
BLUE,Blue,ammunition
BM,Bench Mark,general
BM,Brigade Major,APPOINTMENTS (LESS THOSE COVERED IN HIGHER DEF ORG)
BMH,Bridge Marshalling Harbour,general
bn,Battalion,general
BOD,Base Ordnance Depot,general
BOF,Base of Fire,general
BOLP,Boat Off Loading Point,general
BOM,Bomb,ammunition
bomrep,Bombing Report,general
BOP,Border Out Post,general
BP,Battle Position,general
BP,Bearing Picket,general
BP,Boundary Pillar,general
BP BA,Bearing Picket,general
BP BA,Below Average,general
BP BA,Boundry Pillar,general
BPT,Battle Physical Training,general
BQMH,"Battalion Quartermaster Havildar, Battery Quartermaster Havildar",APPOINTMENTS (LESS THOSE COVERED IN HIGHER DEF ORG)
br,Branch,general
br,Bridge,general
br,Bridged,general
br,Bridging,general
br H,Bridgehead,general
BRAS,Brassard,ammunition
Brig,Brigadier,RANKS
BRO,Battalion Routine Orders,general
BROWN,Browning,ammunition
BS,Baktar Shikan,general
BSD,Base Supply Depot,general
BSWS,Baktar Shikan Weapon System,general
BT,Boat Tail,ammunition
BT,Bomb Thrower,ammunition
bty,Battery,general
Bty CP,Battery Command Post,general
BUA,Built Up Area,general
BURST,Bursting,ammunition
BW,Biological Warfare,general
C,"Cavalry, as a unit designation",general
C,e.g. 11 C,general
C Arty,Commander Artillery,APPOINTMENTS (LESS THOSE COVERED IN HIGHER DEF ORG)
C attk,Counter-attack,general
C of I,Court of Inquiry,general
C pen,Counter penetration,general
C tps,Corps troops,general
C tps,Covering Troops,general
C&IT Branch,Communication & Information Technology Branch,STAFF AND APPTS
C&R,Control and Reporting (as applied to air defence),general
C&S,Cordon and Search,general
C&SC,Command and Staff College,general
C/L,Casual Leave,general
c/o,Care of,general
C4I,"Command, Control, Communication, Computers and Intelligence",general
C4I2SR,"Command, Control, Communication, Computers, Intelligence, Information, Surveillance and Reconnaissance",general
CA,Civil Affairs,general
CA,Current Affairs,general
CAA,Corps Administrative Area,general
CAE,College of Army Education,general
CAF,Civil Armed Forces,general
cal,Calibrate,general
cal,Calibration,general
cal,Calibre,general
CAL,Calibre,ammunition
CAL,MM/ 20MM Sub Caliber,TABLE IX – ROCKETS AND GUIDED MISSILES
calc,Calculate,general
calc,Calculated,general
calc,Calculation,general
cam,Camouflage,general
cam,Camouflaged,general
CAND SMK,Candle Smoke,ammunition
Cantt,Cantonment,general
CAO,Chief Administrative Officer,STAFF AND APPTS
cap,Capability,general
CAP,Combat Air Patrol,general
CAP,Company Aid Post,general
CAP BLAST SPL J1,Cap Blasting Special Non Electric J1,TABLE VI – DEMOLITION EXPLOSIVES AND
CAP BLAST SPL J2,Cap Blasting Special Electric J2,TABLE VI – DEMOLITION EXPLOSIVES AND
Capt,Captain,RANKS
CARB,Carbimite,ammunition
Carr,Carrier,general
CART,Cartridge,ammunition
CART FUEL FLAME,Cartridges for fuel of flame thrower Firing Device M1,TABLE VI – DEMOLITION EXPLOSIVES AND
CART GREEN MK 2,Cartridges Green MK 2,TABLE V – PYROTECHNICS
CART ILL IN,Cartridges Illuminating 1-in,TABLE V – PYROTECHNICS
CART ILL MK3,Cartridges Illuminating MK 3,TABLE V – PYROTECHNICS
CART RED MK 1,Cartridges Red MK 1,TABLE V – PYROTECHNICS
CART SIG RED 1 IN,Cartridges Signal 1-in Red,TABLE V – PYROTECHNICS
CARTS 12 BORE 83,Carts 4/4.5 Grams (12 Bore) for 83,TABLE IX – ROCKETS AND GUIDED MISSILES
CARTS 20 MM SUB,Carts Cal 20 MM for Prac Projectile,TABLE IX – ROCKETS AND GUIDED MISSILES
CARTSIGGREEN1 IN,Cartridges Signal 1-in Green,TABLE V – PYROTECHNICS
cas,Casualties,general
cas,Casualty,general
CAS,Chief of Air Staff,STAFF AND APPTS
CAS,Close Air Support,general
CAS Sectt,Chief of Air Staff Secretariat,STAFF AND APPTS
CASE,Case Shot,ammunition
cat,Categorisation,general
cat,categorised,general
cat,category,general
CAT,Combined Arms Team,general
CB,Counter-Bombardment,general
CBG,Composite Battalion Group,general
cbt,Combat,general
Cbt gp,Combat Group,general
CC,Central Command,general
CC Arty,Commander Corps Artillery,APPOINTMENTS (LESS THOSE COVERED IN HIGHER DEF ORG)
CC Engrs,Commander Corps Engineers,APPOINTMENTS (LESS THOSE COVERED IN HIGHER DEF ORG)
CC Log,Commander Corps Logistics,general
CC Sigs,Commander Corps Signals,APPOINTMENTS (LESS THOSE COVERED IN HIGHER DEF ORG)
CCBO,Corps Counter-Bombardment Officer,APPOINTMENTS (LESS THOSE COVERED IN HIGHER DEF ORG)
CCD,Camouflage Combat Dress,general
CCO,Crossing Control Officer,general
CCO,Crossing Control Organisation,general
CCP,Casualty Car Post,general
CCS,Casualty Clearing Station,general
CCW,Certain Conventional Weapons,ammunition
CD,Central Discussion,general
CD,Circle of Damage,ammunition
CD,Civil Defence,general
CD,Class Dicussion,general
CD,Class Discussion,general
CD,Compact Disc,general
CD,Compact Disch,general
CD Log,Commander Division Logistics,general
Cd R,Command Reserves,general
cdo,Commando,general
Cdr,Commander,RANKS
Cdre,Commodore,RANKS
Cdt,Cadet,RANKS
CE,Chief Engineer,APPOINTMENTS (LESS THOSE COVERED IN HIGHER DEF ORG)
CE,Composition exploding,ammunition
CEO,Cantonment Executive Officer,APPOINTMENTS (LESS THOSE COVERED IN HIGHER DEF ORG)
CEP,Circular Error Probable,ammunition
cert,Certificate,general
cert,Certified,general
cert,Certify,general
CFA,Competent Financial Authority,general
CFA,Competent Financial Authority,APPOINTMENTS (LESS THOSE COVERED IN HIGHER DEF ORG)
CFI,Chief Flying Instructor,APPOINTMENTS (LESS THOSE COVERED IN HIGHER DEF ORG)
CFL,Cease Fire Line,general
cfm,Confirm,general
cfm,Confirmation,general
cfm,Confirmed,general
cfn,Craftsman,general
Cfn,Craftsman,RANKS
cfn,Craftsmen,general
CGO,Civil Gazetted Officer,APPOINTMENTS (LESS THOSE COVERED IN HIGHER DEF ORG)
CGS,Chief of General Staff,STAFF AND APPTS
char,Character,general
char,characteristics,general
CHEM,Chemical,ammunition
Chf Tech,Chief Technician,RANKS
CHGE,Charge,ammunition
CHGR,Rifle Charger Packed,TABLE X – SMALL ARMS LAND SERVICE AMMUNITION
CHGR (CHE),Charger Chinese,ammunition
CHM,Company Havildar Major,APPOINTMENTS (LESS THOSE COVERED IN HIGHER DEF ORG)
CHQ,Company Headquarters,general
CI,Chief Instructor,general
CI,Chief Instructure,general
CI,Counter Intellignece,general
CI,Counter-Intelligence,general
CI (Navy),Chief Inspector (Navy),STAFF AND APPTS
CIA,Chief Inspectorate of Armament,general
CILB,Compensation in Lieu of Bearer,general
CILQ,Compensation In Lieu of Quarter,general
CIV,Certificate Issue Voucher,general
civ,Civil,general
civ,Civilian,general
civ GT coy,Civil General Transport Company,general
CJCSC,Chairman Joint Chiefs of Staff Committee,STAFF AND APPTS
ck,Cook,general
ck,Cooked,general
ck,Cooker,general
ck,Cooking,general
cl,Centilitre,general
CL,Centre Line,general
cl,Class,general
cl,Classification,general
cl,Classified,general
cl,Classify,general
CL,Confinement to Lines,general
CLEARING,Clearing,ammunition
CLGP,Cannon Launched Guided Projectile,ammunition
clk,Clerk,general
CLN,Colon (in messages only),general
clo,Clothing,general
CLS,Chief of Logistics Staff,general
CLS,Chief of Logistics Staff,STAFF AND APPTS
clt,Concealment,general
cm,Centimetre,general
CM,Counter Master,APPOINTMENTS (LESS THOSE COVERED IN HIGHER DEF ORG)
CMA,Controller of Military Accounts,APPOINTMENTS (LESS THOSE COVERED IN HIGHER DEF ORG)
CMA (O),Controller of Military Accounts (Officers),APPOINTMENTS (LESS THOSE COVERED IN HIGHER DEF ORG)
CMES,Commander Military Engineering Services,APPOINTMENTS (LESS THOSE COVERED IN HIGHER DEF ORG)
CMH,Combined Military Hospital,general
CMI,Corps of Military Intelligence,general
CMM,Comma (in messages only),general
CMP,Corps of Military Police,general
cmpn,Compassion,general
cmpn,Compassionate,general
cmt,commit,general
cmt,commited,general
cmt,commiting,general
cmt,Commitment,general
CMT&SD,Central Mechanical Transport and Stores Depot,general
CNS,Chief of Naval Staff,STAFF AND APPTS
CNS Sectt,Chief of Naval Staff Secretariat,STAFF AND APPTS
CNSTR,Canister,ammunition
cny,Convoy,general
CO,Commanding Officer,APPOINTMENTS (LESS THOSE COVERED IN HIGHER DEF ORG)
COAS,Chief of Army Staff,STAFF AND APPTS
COAS Sectt,Chief of Army Staff Secretariat,STAFF AND APPTS
COC,Combat Operation Centre,general
COD,Central Ordnance Depot,general
Col,Colonel,RANKS
colm,Column,general
comb,combination,general
comb,Combine,general
comb,Combined,general
comcen,Communication centre,general
Comd,Aviation Command,STAFF AND APPTS
comd,Command,general
comd,Commanded,general
comd,Commander,general
comd,Commanding,general
Comd HQ,Command Headquarters,STAFF AND APPTS
Comdt,Commandant,APPOINTMENTS (LESS THOSE COVERED IN HIGHER DEF ORG)
COMKAR,Commander Karachi,STAFF AND APPTS
COMLOG,Commander Logistics,STAFF AND APPTS
comm,Communicate,general
comm,Communicated,general
comm,communication,general
Comm Z,Communication Zone,general
commint,Communication Intelligence,general
COMNOR,Commander North,STAFF AND APPTS
comp,component,general
comp,Composite,general
COMPAK,Commander Pakistan Fleet,STAFF AND APPTS
compen,Compensate,general
compen,Compensation,general
composn,Composition,general
con,Control,general
con,Controling,general
con,Controlled,general
con,Controller,general
conc,Concentrate,general
conc,Concentrated,general
conc,concentration,general
conc A,Concentration Area,general
concl,Conclude,general
concl,Concluded,general
concl,Conclusion,general
concl,Conclusive,general
conf,Conference,general
confd,Confidence,general
confd,Confidential,general
confd,Confidentiality,general
CONIF,Coniferous,ammunition
conjunc,Conjunction,general
consd,Consider,general
consd,Consideration,general
consd,Considered,general
consd,Considering,general
const,Construct,general
const,Constructed,general
const,Construction,general
consy,Conservancy,general
cont,Continuation,general
cont,Continue,general
cont,Continued,general
contam,Contaminate,general
contam,Contaminated,general
contam,Contamination,general
COO,Chief Ordnance Officer,APPOINTMENTS (LESS THOSE COVERED IN HIGHER DEF ORG)
coop,Cooperate,general
coop,Cooperated,general
coop,Cooperation,general
coop,Cooperative,general
coord,Co-ordination,general
coord,Coordinate,general
coord,Coordinated,general
coord,Coordinating,general
coord,Coordinator,general
COP,Change of Posture,general
CORD,Cordite,ammunition
Corn,Correction,general
CORO,Central Officers Record Office Arms Branch,STAFF AND APPTS
CORO,Central Officers’ Record Office,general
corr,Corrigendum,general
corres,Correspondence,general
COS,Chief of Staff,STAFF AND APPTS
COS,Chief of Staff,APPOINTMENTS (LESS THOSE COVERED IN HIGHER DEF ORG)
coy,Company,general
CP,Check Post,general
CP,Command Post,general
CP,Contact Point,general
Cpl,Corporal,RANKS
CPO,Chief Petty Officer,RANKS
CPO,Command Post Officer,general
cpt,Computation,general
cpt,Compute,general
cpt,Computed,general
cpt,Computing,general
cptr,Computer,general
CQB,Close Quarter Battle,general
CQMH,Company Quartermaster Havildar,APPOINTMENTS (LESS THOSE COVERED IN HIGHER DEF ORG)
CR,Casualty Return,general
CR,Corps Reserves,general
CRACK NOISE,Crackers Noise Production,TABLE V – PYROTECHNICS
CRH,Calibre radius head,ammunition
CRV,Certificate Receipt Voucher,general
crypto,Cryptographer,general
crypto,Cryptographic,general
CS,Close Support,general
CSAM,Chloro sulphonic acid mixture,ammunition
CSD,Canteen Stores Department,general
cslt,Consult,general
cslt,Consultant,general
cslt,Consultation,general
CSM,Corps Subedar Major,general
CSO,Chief Security Officer,general
CTC,Certified True Copy,general
CTC,Counter Terrorism Course,general
CTE,Certified True Extract,general
ctgy,Contingency,general
CTN,Carton,ammunition
ctr,Counter,general
ctr sign,Countersign,general
ctr sign,Countersignature,general
ctr sign,Countersigned,general
ctr sign,Countersigning,general
cty,Country,general
cu,Cubic,general
CV,Command Vehicle,general
CV,Concession Voucher,general
CVD,Central Vehicle Depot,general
cvy,Convey,general
cvy,Conveyance,general
cvy,Conveyed,general
cvy,Conveying,general
CW,Chemical Warfare,general
CW,Continuous Wave,general
cwt,Hundredweight,general
Cycle/Loop,Cycle/Loop,general
CZ,Combat Zone,general
D map,Digital Map,general
D pt,Dispersal point,general
D* FUZ* CHG PROP M* PRI D*,propellants M* Primer,TABLE II – FIELD ARTILLERY AMMUNITION
DA,Daily Allowance,general
DA,Defence Attache,general
DA,Direct action,ammunition
DA,Dispersal Area,general
DAA,Divisional Administrative Area,general
DAA&QMG,Deputy Assistant Adjutant and Quartermaster General,APPOINTMENTS (LESS THOSE COVERED IN HIGHER DEF ORG)
DAAG,Deputy Assistant Adjutant General,APPOINTMENTS (LESS THOSE COVERED IN HIGHER DEF ORG)
DAFOFA,Defence Against Follow on Force Attack,general
DAI,Director of Air Intelligence Flight Safety,STAFF AND APPTS
DAPS (C),Deputy Assistant Private Secretary (Chief),STAFF AND APPTS
DAPS (V),Deputy Assistant Private Secretary (Vice Chief),STAFF AND APPTS
DAQMG,Deputy Assistant Quartermaster General,APPOINTMENTS (LESS THOSE COVERED IN HIGHER DEF ORG)
DASB,District Armed Services Board,general
DASB,District Armed Services Board,STAFF AND APPTS
DBL STAR,Double Star,ammunition
DBS,Divisional Battle School,general
DC,Defence Counsel,STAFF AND APPTS
DCAS (Admin),Deputy Chief of Air Staff (Administration),STAFF AND APPTS
DCAS (Engg),Deputy Chief of Air Staff (Engineering),STAFF AND APPTS
DCAS (P),Deputy Chief of Air Staff (Personnel),STAFF AND APPTS
DCAS (Trg),Deputy Chief of Air Staff (Training),STAFF AND APPTS
DCB,Ditch Cum Bund,general
DCBO,Divisional Counter-Bombardment Officer,APPOINTMENTS (LESS THOSE COVERED IN HIGHER DEF ORG)
DCC,Defence Committee of the Cabinet,STAFF AND APPTS
DCM,District Court Martial,general
DCNS (O),Deputy Chief of Naval Staff (Operations),STAFF AND APPTS
DCNS (S),Deputy Chief of Naval Staff (Supply),STAFF AND APPTS
DCNS (Tech),Deputy Chief of Naval Staff (Technical),STAFF AND APPTS
DCNS (Trg & P),Deputy Chief of Naval Staff (Training & Personnel),STAFF AND APPTS
DCO,Dispersal Control Officer,general
DCO,Dispersal Control Organisation,general
DCOAS,Deputy Chief of Army Staff,STAFF AND APPTS
DDCB,Double Ditch Cum Bund,general
DDNA (FS),Deputy Director Naval Aviation (Flight Safety),STAFF AND APPTS
DDNA (Ops),Deputy Director Naval Aviation (Operations),STAFF AND APPTS
dec,Decrease,general
dec,Decreased,general
decen,Decentralisation,general
decen,Decentralise,general
decen,Decentralised,general
decen,Decentralising,general
DECID,Deciduous,ammunition
decontam,Decontaminate,general
decontam,Decontaminated,general
decontam,Decontamination,general
def,Defence,general
def,Defend,general
def,Defended,general
def,Defensive,general
Def A/S/Z,Defence Area/Sector/Zone,general
deg,Degree,general
del,Deliver,general
del,Delivered,general
del,Delivery,general
DELAY,Delay,ammunition
demo,Demonstrate,general
demo,Demonstrated,general
demo,Demonstration,general
dep,Depart,general
dep,Departed,general
dep,Departure,general
dep,Depot,general
dep,Depoted,general
dep,Depoture,general
depl,Deploy,general
depl,Deployed,general
depl,Deployment,general
dept,Department,general
dept,Departmental,general
desp,Despatch,general
desp,Despatched,general
desp,Despatcher,general
desp,Despatching,general
det,Detach,general
det,Detached,general
det,Detachment,general
DET,Detonator,ammunition
DETASSYPI MKI,Det Assy P1 MKI for Mine Anti Pers P1 MKI,TABLE VIII — MINES
dev,Develop,general
dev,Developed,general
dev,Development,general
DEW,Director Electronic Warfare,STAFF AND APPTS
DF,Defensive Fire,general
DF,Direction Finding,general
DFA,Deputy Financial Adviser,STAFF AND APPTS
DFA,Draft For Approval,general
DFGEI,Director Federal Government,STAFF AND APPTS
Dfr/Hav,Daffadar/Havildar,RANKS
dft,"Deficient, Deficiency",general
DG Air Int,Director General Air Intelligence Air Defence,STAFF AND APPTS
DG Arty,Director General Artillery,STAFF AND APPTS
DG Avn,Director General Army Aviation,STAFF AND APPTS
DG Budget,Director General Budget,STAFF AND APPTS
DG Engrs,Director General Engineers,STAFF AND APPTS
DG Housing,Director General Housing,STAFF AND APPTS
DG Inf,Director General Infantry,STAFF AND APPTS
DG Log,Director General Logistics,STAFF AND APPTS
DG Ops & Plans,Director General Operations & Plans,STAFF AND APPTS
DG Ord,Director General Ordnance,STAFF AND APPTS
DG Qtg & Lands,Director General Quartering & Lands,STAFF AND APPTS
DG W&CE (Army),Director General Works and Chief Engineers (Army),STAFF AND APPTS
DGAC,Director General Armoured Corps,STAFF AND APPTS
DGAD,Director General Air Defence,STAFF AND APPTS
DGC4I,C4I Director General,STAFF AND APPTS
DGCA,Director General Civil Aviation,STAFF AND APPTS
DGD&E,Director General Doctrine and Evaluation,STAFF AND APPTS
DGDCI,Director General Defence Complex Islamabad,STAFF AND APPTS
DGDP,Director General Defence Purchases,STAFF AND APPTS
DGEME,Director General Electronic and Mechanical Engineers,STAFF AND APPTS
DGFMC,Director General Foreign Mutual Cooperation,STAFF AND APPTS
DGHRD,Director General Human Resources,STAFF AND APPTS
DGISI,Director General Inter Services Intelligence,STAFF AND APPTS
DGISPR,Director General Inter Services Public Relations,STAFF AND APPTS
DGITD,Director General Inspection and Technical Development,STAFF AND APPTS
DGJI & IO,Director General Joint Intelligence & Information Operation,STAFF AND APPTS
DGJO,Director General Joint Operations,STAFF AND APPTS
DGJS,Director General Joint Staff,STAFF AND APPTS
DGJW & Trg,Director General Joint Warfare & Training,STAFF AND APPTS
DGMI,Director General Military Intelligence,STAFF AND APPTS
DGMO,Director General Military Operations,STAFF AND APPTS
DGMP,Director General Munition Production,STAFF AND APPTS
DGMS,Director General Medical Services,STAFF AND APPTS
DGMT,(incl AS Dte),STAFF AND APPTS
DGNG,Director General National Guard,STAFF AND APPTS
DGNI,Director General Naval Intelligence,STAFF AND APPTS
DGNLC,Director General National Logistics Cell,STAFF AND APPTS
DGNPP,Director General Naval Ports and Projects,STAFF AND APPTS
DGO&M,Director General Organizations and Methods,STAFF AND APPTS
DGP (Army),Director General Procurement Army,STAFF AND APPTS
DGPA,Director General Personnel Administration,STAFF AND APPTS
DGPP&A,"Director General Pay, Pensions and Accounts",STAFF AND APPTS
DGPS & PM,Director General Personnel Services and Provost Marshal,STAFF AND APPTS
DGRV&F,"Director General Remounts, Veterinary and Farms",STAFF AND APPTS
DGS&T,Director General Supply and Transport,STAFF AND APPTS
DGSD,Director General Staff Duties,STAFF AND APPTS
DGW&E,Director General Weapons and Equipment,STAFF AND APPTS
DGW&R,Director General Welfare and Rehabilitation,STAFF AND APPTS
DGZ,Desired Ground Zero,general
DGZ,Desired Ground Zero,ammunition
DI,Dangerously Ill,general
dia,Diameter,general
DIESO,Diesel Fuel,general
DIESO,Diesel Oil,general
diff,Difference,general
diff,Different,general
dir,Direct,general
dir,Directed,general
dir,Directing,general
dir,Direction,general
dir,Director,general
Dir (Prot),Director Protocol,STAFF AND APPTS
Dir CP,Director Civilian Personnel,STAFF AND APPTS
Dir MS (Navy),Director Medical Services (Navy),STAFF AND APPTS
Dir Ormara Harbour Project,Director Ormara Harbour Project,STAFF AND APPTS
Dir Regs,Director Regulations,STAFF AND APPTS
Dir Regs,Directorate Regulations,STAFF AND APPTS
Dir Sig,Director Signal,STAFF AND APPTS
disadv,Disadvantage,general
disadv,Disadvantageous,general
disch,Discharge,general
disch,Discharged,general
discp,Disciplinary,general
discp,Discipline,general
discp,Disciplined,general
disposn,Disposition,general
dist,Distance,general
dist,District,general
distr,Distribute,general
distr,Distributed,general
distr,Distribution,general
disty,Distributary,general
div,Division,general
div,Divisional,general
DM,Defence Minister,STAFF AND APPTS
DMA,Daily Messing Allowance,general
dml,Demolish,general
dml,Demolished,general
dml,Demolition,general
DML,Demolition,ammunition
DML&C,Director Military Lands and Cantonments,STAFF AND APPTS
DNA (Ops),Director Naval Aviation (Operations),STAFF AND APPTS
DNI (Ops),Director Naval Intelligence (Operations),STAFF AND APPTS
DNO,Director Naval Operations,STAFF AND APPTS
DO,Demi-Official,general
DO,Dental Officer,APPOINTMENTS (LESS THOSE COVERED IN HIGHER DEF ORG)
DOB,Date of Birth,general
DOC,Date of Commission,general
docu,Document,general
docu,Documentary,general
docu,Documentation,general
DOE,Date of Enrolment,general
DOP,Date of Promotion,general
DOS,Date of Seniority,general
DP,Delivery Point,general
DP-ICM,Dual Purpose Improved Conventional Munitions,ammunition
DPC,Data Processing Cell,general
DPO,Data Processing Officer,general
DR,Despatch Rider,general
DS,Direct Support,general
DS,Directing Staff,APPOINTMENTS (LESS THOSE COVERED IN HIGHER DEF ORG)
DS,Discarding sabot,ammunition
DS 6 PR 7 PRAC DSSV,SV Practice,TABLE I – TANK AND ANTI-TANK AMMUNITION
DS Def,Deputy Secretary Defence,STAFF AND APPTS
DSC,Director Chief of Army Staff Cell,STAFF AND APPTS
DSD (A),Director Staff Duties (A),STAFF AND APPTS
DSD (B),Director Staff Duties (B),STAFF AND APPTS
DSD (C),Director Staff Duties (C),STAFF AND APPTS
DSG,Defence Services Guard,general
DSG Corps,Defence Services Guard Corps,STAFF AND APPTS
DSIC,Defence Service Identity Card,general
DSM,Division Subedar Major,general
DSO,Director Submarine (Operations),STAFF AND APPTS
DSOP Fund,Defence Services Officers’ Provident Fund,general
dte,Directorate,general
Dte Gen ISI,Directorate General Inter Services Intelligence,STAFF AND APPTS
dtmn,Draughtsman,general
dtmn,Draughtsmen,general
DUAL,Dual purpose,ammunition
dupl,Duplicate (d),general
dupl,Duplicating,general
dupl,Duplication,general
dvr,Driver,general
DW,Desert Warfare,general
DW,Director of Works,general
DW,Director of Works,APPOINTMENTS (LESS THOSE COVERED IN HIGHER DEF ORG)
dy,Deputy,general
Dy CI (Navy),Deputy Chief Inspector (Navy),STAFF AND APPTS
Dy Dir Regs,Deputy Director Regulations,STAFF AND APPTS
Dy IGC&IT,Deputy Inspector General,STAFF AND APPTS
Dy JAG,Deputy Judge Advocate General,STAFF AND APPTS
Dy Naval Secy,Deputy Naval Secretary,STAFF AND APPTS
Dy QMG,Deputy Quartermaster General,STAFF AND APPTS
DZ,Dropping Zone,general
E wng,Early Warning,general
E-,Extended Short Range Air Defence,general
E-in-C,Engineer-in-Chief,STAFF AND APPTS
e.g.,For Example,general
EARO,Extra Assistant Recruiting Officer,APPOINTMENTS (LESS THOSE COVERED IN HIGHER DEF ORG)
ECA,Extra Curricular Activities,general
ECB,Engineer Construction Battalion,general
ECCM,Electronic Counter Countermeasures,general
ECM,Electronic Countermeasures,general
eco,Economic,general
eco,economist,general
ECP,Equipment Collecting Point,general
edn,Education,general
EEI,Essential Elements of Information,general
eff,Effect,general
eff,Effected,general
eff,Effective,general
eff,Effectively,general
eff,Effectiveness,general
EJEC,Ejection,ammunition
elec,Electric,general
ELEC,Electric,ammunition
elec,Electrician,general
elec,Electricity,general
elm,"Element (s), Elementary",general
emb,Embark,general
emb,Embarkation,general
emb,Embarked,general
EME,Corps of Electrical and Mechanical Engineers,general
EME,Electrical and Mechanical Engineers (Corps of),general
EMER,Electrical and Mechanical Engineering Regulation,general
EMER,Emergency,ammunition
EMIS,Emission,ammunition
EMP,Electro-magnetic Pulse,ammunition
emp,Employ,general
emp,Employed,general
emp,Employment,general
en,Enemy,general
encl,Enclose,general
encl,Enclosed,general
encl,Enclosure,general
engr,Engineer,general
engrep,Engineer Report,general
Engrs,Corps of Engineers,general
enrl,Enrol,general
enrl,Enrolled,general
ENT,"Ear, Nose and Throat (as applied to medicine)",general
envmt,Environment,general
envmt,Environmental,general
EO,Early Offensive,general
EOD,Explosive & Ordnance Disposal,general
eqpt,Equipment,general
ERE,Extra Regimental Employment,general
ERFB,Extended Range Full Bore,ammunition
ERFB/BB,Extended Range Full Bore Base Bleed,ammunition
ERFB/HB,Extended Range Full Bore Hollow Base,ammunition
ESD,Engineer Stores Depot,general
ESM,Electronic Support Measures,general
ESP,Engineer Support Plan,general
est,Estimate,general
est,Estimated,general
est,estimation,general
estb,Establish,general
estb,Established,general
estb,Establishment,general
ETA,Estimated Time of Arrival,general
etc,Etcetera,general
ETD,Estimated Time of Departure,general
evac,Evacuate,general
evac,Evacuated,general
evac,Evacuation,general
eval,Evaluate,general
eval,Evaluated,general
eval,Evaluating,general
eval,Evaluation,general
EW,Electronic Warfare,general
EWR,Early Warning Radar,general
ex,Exercise,general
ex,Exercised,general
exam,Examination,general
exam,Examine,general
exam,Examined,general
exch,Exchange,general
excl,Exclude,general
excl,Excluded,general
excl,Excluding,general
excl,Exclusive,general
exec,Execute,general
exec,Executed,general
exec,Execution,general
exec,Executive,general
exp,Expenditure,general
exp,Expense,general
exp,Expenses,general
expd,Expedite,general
expd,Expedited,general
expl,Explode,general
expl,Exploded,general
expl,Explosion,general
expl,Explosive,general
EXPLO,Explosive,ammunition
EXPO,Exposed,ammunition
EXPR,Exploder,ammunition
Extended Range Full,Cartridges 155 MM HE DDB01 Bore Hollow Base,TABLE II – FIELD ARTILLERY AMMUNITION
extn,(ed),general
extn,(ed)ing,general
extn,"Extension, extend",general
F,Fighter (aeroplane),general
F Div,2. Finance Division,STAFF AND APPTS
F ech,Fighting Echelon,general
F in Z,Follow in Zone,general
F Mix,Fuming Mixture,ammunition
F of F,Field of Fire,general
F of M,Fulminate of Mercury,ammunition
FA (A),Financial Adviser (Air Force),STAFF AND APPTS
FA (Army),Financial Adviser (Army),STAFF AND APPTS
FA (N),Financial Adviser (Navy),STAFF AND APPTS
FAA,Forward Assembly Area,general
FAADC,Forward Army Air Defence Centre,general
FAARP,Forward Area Arming and Refuelling Point,general
FAC,Forward Air Controller,APPOINTMENTS (LESS THOSE COVERED IN HIGHER DEF ORG)
FAD,Forward Ammunition Depot,general
FAP,For Approval Please,general
fawc,Fellow of Air War Course,MILITARY QUALIFICATIONS
fax,Facsimile,general
FBMH,Forward Bridge Marshalling Harbour,general
FC,Frontier Corps,general
FCE,Fire Control Equipment,general
FCI,Fire Control Instrument,general
FCMA,Field Controller of Military Accounts,APPOINTMENTS (LESS THOSE COVERED IN HIGHER DEF ORG)
FCNA,Force Command Northern Area,general
FCO,Fire Control Order,general
FCPO,Fleet Chief Petty Officer,RANKS
FCR,Fire Control Radar,general
fd,Field,general
FDL,Forward Defended Locality,general
FF,"Frontier Force Regiment’s battalion, e.g. 5",general
FFE,Fire for Effect,general
Fg Offr,Flying Officer,RANKS
FGA,Fighter Ground Attack,general
FGCM,Field General Court Martial,general
fig,Figure,general
fin,Finance,general
fin,Finances,general
fin,Financial,general
fin,Financially,general
FIP,For Information Please,general
FIRE DEV M1 BLACK,minute delay Black,TABLE VI – DEMOLITION EXPLOSIVES AND
FIRE DEV M1 BLUE,1-1/2 hour delay Blue Firing Device,TABLE VI – DEMOLITION EXPLOSIVES AND
FIRE DEV M1 GREEN,1-1/2 hour delay Green,TABLE VI – DEMOLITION EXPLOSIVES AND
FIRE DEV M1 PULL,Pull,TABLE VI – DEMOLITION EXPLOSIVES AND
FIRE DEV M1 RED,minute delay Red,TABLE VI – DEMOLITION EXPLOSIVES AND
FIRE DEV M1 REL,Release,TABLE VI – DEMOLITION EXPLOSIVES AND
FIRE DEV M1 WHITE,hour delay White,TABLE VI – DEMOLITION EXPLOSIVES AND
FIRE DEV M1 YELLOW,1-1/2 hour delay Yellow,TABLE VI – DEMOLITION EXPLOSIVES AND
FIRE DEV M1A1 PRESS,M1A1 Pressure,TABLE VI – DEMOLITION EXPLOSIVES AND
FIRE DEV M2 PULL,M2 Pull,TABLE VI – DEMOLITION EXPLOSIVES AND
FIRE DEV M3 PULL/REL,M3 Pull/Release Firing Device,TABLE VI – DEMOLITION EXPLOSIVES AND
FIRE DEV M5 PRESS/REL,M5 Pressure/Release,TABLE VI – DEMOLITION EXPLOSIVES AND
FIU,Field Intelligence Unit,general
FLAR,Flare,ammunition
FLAR TRIP,Flares Trip Wire,TABLE V – PYROTECHNICS
FLAT,Flat-Head,ammunition
FLAT,flat-head,TABLE I – TANK AND ANTI-TANK AMMUNITION
FLIR,Forward Looking Infra-Red Radar,general
flk,Flank,general
flk,Flanked,general
flk,Flanking,general
FLOT,Forward Line of Own Troops,general
flt,Flight,general
Flt Cdt,Flight Cadet,RANKS
Flt Lt,Flight Lieutenant,RANKS
FM,Field Marshal,RANKS
FM,Frequency Modulated/Modulation,general
FM LT (BRDT),(Brandt) Complete,TABLE IV – MORTAR AMMUNITION
FM LT PLGD (BRDT),(Brandt) Plugged,TABLE IV – MORTAR AMMUNITION
fmn,Formation,general
FN,Forenoon,general
FO,Fire Order,general
FOB,Forward Observation Base,general
FOL,Fire Order Line,general
fol,Follow,general
fol,Followed,general
fol,Following,general
FOO,Forward Observation Officer,APPOINTMENTS (LESS THOSE COVERED IN HIGHER DEF ORG)
FOP,For Orders Please,general
FOR RPG-7 (RUSS),Launcher Grenade RPG-7 (Russian),TABLE VII — GRENADES
FOR RPG-7 (RUSS),with fuze VP-7 for Launcher Grenade RPG-7 (Russian),TABLE VII — GRENADES
FP,Finish Point,general
FP,Firing Point,general
FP,Flank Protection,general
FPO,Field Pay Office,general
FPO,Field Post Office,general
freq,Frequency,general
FRIC,Friction,ammunition
FRMH,Forward Raft Marshalling Harbour,general
FS,Field Security,general
FS,Field Service,general
fsc,Foreign Staff Course,MILITARY QUALIFICATIONS
fsc (A),Australian Staff Course,MILITARY QUALIFICATIONS
fsc (B),Bangladesh Staff Course,MILITARY QUALIFICATIONS
fsc (C),Canadian Staff Course,MILITARY QUALIFICATIONS
fsc (E),Egyptian Staff Course,MILITARY QUALIFICATIONS
fsc (F),French Command and Staff Course,MILITARY QUALIFICATIONS
fsc (G),German Command and Staff Course,MILITARY QUALIFICATIONS
fsc (I),Indonesian Command and Staff Course,MILITARY QUALIFICATIONS
fsc (Ir),Iranian Staff Course,MILITARY QUALIFICATIONS
fsc (J),Japanese Cammand and General Staff Course,MILITARY QUALIFICATIONS
fsc (Jo),Jordanian Staff Course,MILITARY QUALIFICATIONS
fsc (M),Malaysian Staff Course,MILITARY QUALIFICATIONS
fsc (S),Syrian Staff Course,MILITARY QUALIFICATIONS
fsc (SA),Saudi Command and Staff Course,MILITARY QUALIFICATIONS
fsc (T),Turkish Staff Course,MILITARY QUALIFICATIONS
fsc (UK),"Army Staff Course Div III, UK",MILITARY QUALIFICATIONS
fsc (US),US Army Command and General Staff Course,MILITARY QUALIFICATIONS
FSH,Flag Staff House,general
FSMO,Field Service Marching Order,general
FSO,Field Security Officer,STAFF AND APPTS
FSP,Fire Support Plan,general
FSR,Field Service Regulation,general
ft,feet,general
FT,Firing Table,general
ft,Foot,general
ftsc (UK),"Army Staff Course Div I & II, UK",MILITARY QUALIFICATIONS
FTT,Field Transfusion Team,general
FULL,Full Charge,ammunition
func,Function,general
func,Functional,general
FUP,Forming Up Place,general
FUS,Fuse,ammunition
FUZ,Fuze,ammunition
FUZ,Fuze* Red Yellow Smoke BE Blue,TABLE IV – MORTAR AMMUNITION
FUZ,No*,TABLE I – TANK AND ANTI-TANK AMMUNITION
FUZ (CHE),Type* (Chinese),TABLE I – TANK AND ANTI-TANK AMMUNITION
FUZ MINE ATK ND M30,Fuze Mine Anti-Tank ND M30,TABLE VIII — MINES
FUZ MINE ATK ND M5,Fuze Mine Anti-Tank ND M5 (Belgium),TABLE VIII — MINES
FUZ MINE ATK ND MI-,Fuze Mine Anti-Tank Non-,TABLE VIII — MINES
FUZ MINE ATK No 1,Fuze Mine Anti-Tank No 1 MK1 for MK1 Mines Atk MIP,TABLE VIII — MINES
FUZ MINE CONTACT,Fuze Mines Contact Anti-Tank No,TABLE VIII — MINES
FW,Fixed Wing,general
FW,Frontier Warfare,general
fwc,Foreign War Course,MILITARY QUALIFICATIONS
fwc (T),Turkish Armed Forces War Course,MILITARY QUALIFICATIONS
fwc (U),US Army War Course,MILITARY QUALIFICATIONS
FWO,Frontier Works Organisation,general
FY,Financial Year,general
G (Br),General Staff (Branch),general
G (Int),General Staff (Intelligence),general
G (Matters),General Staff (Matters),general
G (Ops),General Staff (Operations),general
G (Staff),General Staff (Staff),general
G (Trg),Training,general
gal,Gallon,general
GAME,Game,ammunition
gar,Garrison,general
GC,Guncotton,ammunition
GCI,Ground Controlled Interception (station),general
GCM,General Court Martial,general
GD,General Duties,general
gd,Guard,general
gd,Guarded,general
gd,Guarding,general
GE,Garrison Engineer,APPOINTMENTS (LESS THOSE COVERED IN HIGHER DEF ORG)
GELIG,Gelignite,ammunition
GELIG,Gelignite,TABLE VI – DEMOLITION EXPLOSIVES AND
gen,General,general
Gen,General,RANKS
gen,Generally,general
GEN,Generator,ammunition
GEN SMK,Generator smoke,ammunition
GEN SMK No,Generator Smoke N&,TABLE V – PYROTECHNICS
geo,Geographic,general
geo,Geographically,general
geo,Geography,general
GF,Gun Fire,general
GF,Gun Firing,general
GF,Gunflash,ammunition
GFA,Gun Fire Area,general
GHQ,General Headquarters,general
GHQ,General Headquarters,STAFF AND APPTS
GL,General List,general
GL sec,Ground Liaison Section,general
GLHMG,Grenade Launcher Heavy Machine Gun,general
GLO,Ground Liaison Officer,general
GM,Guided Missile,general
GM,Guided Missile,ammunition
GM Regt,Gun Missile Regiment,general
gnr,Gunner,general
Gnr,Gunner,RANKS
gnry,Gunnery,ammunition
GOC,General Officer Commanding,APPOINTMENTS (LESS THOSE COVERED IN HIGHER DEF ORG)
GOC Army Avn,General Officer Commanding Army,STAFF AND APPTS
GOC SSG,General Officer Commanding Special Service Group,STAFF AND APPTS
GOT,Ground Observer Team,general
govt,Government,general
gp,Group,general
gp,Grouped,general
gp,Grouping,general
Gp Capt,Group Captain,RANKS
GPO,Gun Position Officer,APPOINTMENTS (LESS THOSE COVERED IN HIGHER DEF ORG)
GPR,Ground Penetrating Radar,ammunition
GPS,Global Positioning System,general
GR,Grid Reference,general
gr,Ground,general
GR,Ground recognition,ammunition
GRAZ,Graze,ammunition
grd,Grade,general
grd,Graded,general
grd,Grading,general
GREEN,Green,ammunition
GREEN (BELG),MM/2-in Mortars Single Star Green (Belgium),TABLE IV – MORTAR AMMUNITION
gren,Grenade,general
GREN,Grenade,ammunition
GREN 40 MM HEAT,Grenades 40 MM HEAT PG-7V,TABLE VII — GRENADES
GREN 40 MM HEAT (CHE),Grenade 40 MM HEAT (Chinese),TABLE VII — GRENADES
GREN 40MM INERT,Grenades 40 MM Practice Inert for,TABLE VII — GRENADES
GREN HAND FRAG,No* M,TABLE VII — GRENADES
GREN HAND LACH,No* Lachrymatory,TABLE VII — GRENADES
GREN HAND SMKt,Green Red Yellow,TABLE VII — GRENADES
GREN HAND* M,Grenades Hand,TABLE VII — GRENADES
GREN RIF ATK 75 MM,HEAT 75 MM Super Energa with,TABLE VII — GRENADES
GREN RIF ATK 94 ENERGA WITH* CART,ATK NO 94 Energa with Carts,TABLE VII — GRENADES
GREN RIF PRAC 75,Practice 75 MM Super Energa with,TABLE VII — GRENADES
GREN RIF PRAC 94 ENERGA WITH* CART,Practice No 94 Energa with Carts,TABLE VII — GRENADES
GREN RIF SMKt M*,Coloured Smoke Red Yellow M* Green,TABLE VII — GRENADES
GRN,Grain,ammunition
GS,General Staff,general
GS Branch,General Staff Branch,STAFF AND APPTS
GS pay,Good Service pay,general
gsc,Gunnery Staff Course (Field),MILITARY QUALIFICATIONS
gsc (B),"Gunnery/Advance Staff Course, Bangladesh",MILITARY QUALIFICATIONS
gsc (Ch),"Gunnery/Advance Staff Course, China",MILITARY QUALIFICATIONS
gsc (Jo),"Gunnery/Advance Staff Course, Jordon",MILITARY QUALIFICATIONS
gsc (UK),"Gunnery/Advance Staff Course, UK",MILITARY QUALIFICATIONS
gsc (US) special to arms,"Gunnery/Advance Staff Course, USA",MILITARY QUALIFICATIONS
GSO 1,General Staff Officer Grade 1,APPOINTMENTS (LESS THOSE COVERED IN HIGHER DEF ORG)
GSO 2,General Staff Officer Grade 2,APPOINTMENTS (LESS THOSE COVERED IN HIGHER DEF ORG)
GSO 3,General Staff Officer Grade 3,APPOINTMENTS (LESS THOSE COVERED IN HIGHER DEF ORG)
GSP,General Staff Publication,general
GSR,General Staff Requirement,general
gt,Grant,general
gt,Granted,general
gt,Granting,general
GT coy,General Transport Company,general
GUN,Gun,ammunition
GW,Guerrilla Warfare,general
GZ,Ground Zero,general
GZ,Ground Zero,ammunition
H,Hypothesis,general
HA,Harbour Area,general
HALF,Half Charge,ammunition
har,Harbour,general
HAT bn,Heavy Anti-Tank battalion,general
HB,Hostile Battery,general
HC,Head Clerk,general
HC,High Capacity,ammunition
HC MINE CONTACTATK5 H,Mines Contact Anti-Tank MK5,TABLE VIII — MINES
hdg,Heading,general
HE,High Explosive,general
HE,High Explosive,ammunition
HE 75 MM APC HE,APC,TABLE II – FIELD ARTILLERY AMMUNITION
HE D30 Extended Range,Cartridges 122 MM How Full Bore Base Bleed,TABLE II – FIELD ARTILLERY AMMUNITION
HEAP,High Explosive Armour piercing,ammunition
HEAT,High Explosive Anti-Tank,ammunition
HEHC,High Explosive High capacity,ammunition
hel,Helicopter,general
heliborne,Helicopter borne,general
helipad,Helicopter pad,general
HEPD,High Explosive Dual Purpose,ammunition
HESAP,Semi Armour Piercing High Explosive Shell,ammunition
HESUPHC,High Explosive Super high capacity,ammunition
HEXAL,Hexogen Aluminum,ammunition
HF,Harassing Fire,general
HF,High Frequency,general
HI (M),Hilal-i-Imtiaz (Military),HONOURS AND AWARDS
HIC,High Intensity Conflict,general
HIMADS,High To Medium Air Defence,general
HISP,Hispano,ammunition
hist,Historical,general
hist,Historically,general
hist,History,general
HIT,Heavy Industries Taxila,STAFF AND APPTS
HJ,Hilal-i-Jurat,HONOURS AND AWARDS
HL,High Level,general
HMG,Heavy Machine-Gun,general
HO,Hide Out,general
HOB,Height of Burst,ammunition
HOL CHG,Hollow Charge,ammunition
hon,Honour,general
hon,Honourary,general
Hon Capt,Honorary Captain,RANKS
Hon Lt,Honorary Lieutenant,RANKS
hosp,Hospital,general
hosp,Hospitalization,general
HOTPHOTO REP,Hot Photographic Interpretation Report,general
how,Howitzer,general
HOW,Howitzer,ammunition
HP,Horse Power,general
HQ,Headquarters,general
hr,Hour,general
hr,Hourly,general
HRDC,Human Resource Development Centre,general
ht,Height,general
HV,High velocity,ammunition
hvg,Hovering,general
HVT,High Value Target,general
HW,Head Works,general
hy,Heavy,general
HYB,Hybrid,ammunition
hyg,Hygiene,general
i 02,detectable 7.5 kg MI-i 02 (Bofors),TABLE VIII — MINES
i.e.,That is,general
IABG,Independent Armoured Brigade Group,general
IAP,Independent Ammunition Platoon,general
IBG,Integrated Battle Group,general
IC,In Charge (of),APPOINTMENTS (LESS THOSE COVERED IN HIGHER DEF ORG)
IC,Incharge,general
IC,Incharge of,general
IC,Internal Combustion,general
ICB,Intelligence and Counter Bombardment,general
ICBL,International Campaign To Ban Land Mine,ammunition
ICG,Integrated Combat Group,general
ICM,Improved Conventional Munitions,ammunition
ICU,Intensive Care Unit,general
ID,Internal Distribution,general
ID Card,Identity Card,general
ident,Identification,general
ident,Identified,general
ident,Identify,general
ident,Identity,general
IE,Individual Exercise,general
IED,Improvised Explosive Device,general
IFF,Identification Friend or Foe,general
IFV,Infantry Fighting Vehicle,general
IG,Inspector General,STAFF AND APPTS
IG,Inspector General,APPOINTMENTS (LESS THOSE COVERED IN HIGHER DEF ORG)
IG Arms,Inspector General Arms,STAFF AND APPTS
IGC&IT,Inspector General Communication & Information Technology,STAFF AND APPTS
IGN,Igniter,ammunition
IGN 84 ELEC,Smoke No 24,TABLE V – PYROTECHNICS
IGN M 20,Igniter M 20 for 3.5 in Rockets,TABLE IX – ROCKETS AND GUIDED MISSILES
IGT&E,Inspector General Training and,STAFF AND APPTS
IGT&E Branch,Inspector General’s Training and Evaluation Branch,STAFF AND APPTS
IIBG,Independent Infantry Brigade Group,general
ill,Illuminate,general
ill,Illuminated,general
ill,Illuminating,general
ILL,Illuminating,ammunition
ill,Illumination,general
IMBG,Independent Mechanized Brigade Group,general
imed,Immediate,general
IMED,Immediate,ammunition
imed,Immediately,general
imp,Importance,general
imp,Important,general
in,Inch,general
IN,Inch,ammunition
inc,Increase,general
inc,Increased,general
INCDY or I,Incendiary,ammunition
incl,Include,general
incl,Included,general
incl,Includes,general
incl,Including,general
incl,Inclusive,general
INCR,Increment,ammunition
indep,Independent,general
indep,Independently,general
indl,Individual,general
indl,Individually,general
INERT,Inert,ammunition
inf,Infantry,general
infil,Infiltrate,general
infil,Infiltrated,general
infil,Infiltrating,general
infil,Infiltration,general
info,Inform,general
info,Information,general
info,Informed,general
insp,Inspect,general
insp,Inspected,general
insp,Inspecting,general
insp,Inspection,general
inst,Instrument,general
instl,Install,general
instl,Installation,general
instl,Installed,general
instl,Installment,general
instr,Instruct,general
instr,Instructed,general
instr,Instruction,general
instr,Instructor,general
insur,Insurgency,general
insur,Insurgent,general
int,Intelligence,general
intd,Interdict,general
intd,Interdicted,general
intd,Interdicting,general
intd,Interdiction,general
INTER,Intermediate,ammunition
intercom,Intercommunication,general
intg,Integral,general
intg,Integrate,general
intg,Integration,general
intl,International,general
intl,Internationally,general
intmed,Intermediate,general
intr,Interrogate,general
intr,Interrogated,general
intr,Interrogation,general
intr,Interrogator,general
intrep,Intelligence Report,general
intro,Introduce,general
intro,Introduced,general
intro,Introducing,general
intro,Introduction,general
intsum,Intelligence Summary,general
IO,Information Operations,general
IO,Intelligence Officer,general
IO,Intelligence Officer,APPOINTMENTS (LESS THOSE COVERED IN HIGHER DEF ORG)
ION,Internal Office Note,general
IP,Immediate Permanent Incapacitation,ammunition
IP,Instructional Practice,general
IP,Instructor Pilot,general
IPB,Intelligence Preparation of Battle Field,general
IPIR,Immediate Photographic Interpretation Report,general
IQ,Intelligence Quotient,general
IR,Infra-Red,general
IRC,Infantry/Individual Reaction Course,general
IRLA,Individual Running Ledger Account,general
IRO,In Respect Of,general
IRP,Individual Research Paper,general
IS,Internal Security,general
isc,Intelligence Staff Course,MILITARY QUALIFICATIONS
ISI,Inter Services Intelligence,general
ISO,4. Inter Services Organisations,STAFF AND APPTS
ISPR,Inter Services Public Relations,general
ISPR Dte,Inter Services Public Relations Directorate,STAFF AND APPTS
ISR,"Intelligence, Surveillance and Reconnaissance",general
ISSB,Inter Services Selection Board,general
ISSB,Inter Services Selection Board,STAFF AND APPTS
ISSU,Inter Services Signal Unit,general
ISTAR,"Intelligence, Surveillance, Target, Acquisition and Reconnaissance",general
IT,Immediate Transient Incapacitation,ammunition
IV,Issue Voucher,general
IW,Information Warfare,general
JAAT,Joint Air Attack Team,general
JAG,Judge Advocate General,STAFF AND APPTS
jamrep,Jamming report,general
JCO,Junior Commissioned Officer,APPOINTMENTS (LESS THOSE COVERED IN HIGHER DEF ORG)
JCSC,Joint Chiefs of Staff Committee,STAFF AND APPTS
JD,Judging Distance,general
JIPEC,Joint Interdiction Planning and Execution Cell,general
JKT,Jacketed,TABLE X – SMALL ARMS LAND SERVICE AMMUNITION
jnr,Junior,general
Jnr Tech,Junior Technician,RANKS
JO,Joint Operations,general
JO Dte,Joint Operations Directorate,general
JOC,Joint Operations Centre,general
JOCOMEX,Joint Communications Exercise,STAFF AND APPTS
JS Def,Joint Secretary Defence,STAFF AND APPTS
JSHQ,5. Joint Staff Headquarters,STAFF AND APPTS
jssc,Joint Service Staff Course,MILITARY QUALIFICATIONS
jssc(A),Joint Service Staff Course in Australia,MILITARY QUALIFICATIONS
jssc(F),Inter Service Staff Course in France,MILITARY QUALIFICATIONS
jt,Joint,general
JTFC,Joint Task Force Commander,general
junc,Junction,general
JW,Joint Warfare,general
JW,Jungle Warfare,general
JW,"Jungle Warfare, Joint Warfare",general
K2,Kerosene,general
KG,Killing Ground,general
kg,Kilogram,general
KIA,Killed In Action,general
km,Kilometre,general
kml,Kilometres per litre,general
kmph,Kilometres per hour,general
KT,Kiloton,general
KT (KOR),Kilo Ton Korean,ammunition
KVA,Kilovolt Amperes,general
KW,Kilowatt,general
KYE,Know Your Enemy,general
KZ,Killing Zone,general
L,e.g. 6 L,general
L,"Lancers, in unit designation only",general
L Nk,Lance Naik,RANKS
L of C,Line of Communications,general
L wng,Local Warning,general
L/Dfr/L/Hav,Lance Daffadar/Lance Havildar,RANKS
LA,Lead Azide,ammunition
lab,Laboratory,general
lab,Labour,general
LAC,Leading Aircraftman,RANKS
LACHY,Lachrymatory,ammunition
LAD,Light Aid Detachment,general
LAN,Local Area Network,general
landmk,Landmark,general
LAT bn,Light Anti Tank battalion,general
lb,Pound (weight),general
LBR,Line of Bomb Release,general
LCB,Light Commando Battalion,general
ldg,Leading,general
ldr,Leader,general
LEAs,Law Enforcing Agencies,general
lec,Lecture,general
LETH,Lethal,ammunition
LG,Landing Ground,general
LIC,Low Intensity Conflict,general
lit,Litre,general
LL,Latent Lethality,ammunition
LLAD,Low Level Air Defence,general
LMG,Light Machine Gun,general
LNK,Links,ammunition
LNK BLT,Linked belt,ammunition
LO,Liaison Officer,general
LOB,Left Out of Battle,general
LOC,Line of Control,general
loc,Locality,general
loc,Locate,general
loc,Located,general
loc,Locating,general
loc,Location,general
loc stat,Location State,general
log,Logistics,general
log R,Logistics Requirement,general
LOMADS,Low to Medium Air Defence System,general
LP,Listening Post,general
LP,Local Purchase,general
LPC,Last Pay Certificate,general
LR,Long Range,ammunition
LRA,Leave Ration Allowance,general
LRC,Last Ration Certificate,general
LS,Landing Strip,general
LS,Leading Seaman,RANKS
LS,Logistic Support,general
LS Branch,Logistics Staff Branch,STAFF AND APPTS
lsc,Logistics Staff Course,MILITARY QUALIFICATIONS
LSD,Least Separation Distance,ammunition
LSDT,Line Shoot Down To,general
lt,Left,general
Lt,Lieutenant,RANKS
lt,Light,general
LT,Light,ammunition
LT,Line Telegraphy,general
LT,Low Tension,general
Lt AD,Light Air Defence,general
Lt Cdr,Lieutenant Commander,RANKS
Lt Col,Lieutenant Colonel,RANKS
Lt Gen,Lieutenant General,RANKS
ltd,Limit,general
ltd,Limitation,general
ltd,Limited,general
ltr,Letter,general
lvl,Level,general
LWR,Line of Weapon Release,general
Ly O,Lady Officer,general
LZ,Landing Zone,general
M,Metre,general
M fd,Minefield,general
M* BLOCK DML M*,Block Demolition,TABLE VI – DEMOLITION EXPLOSIVES AND
M* GREN RIF ILL M*,Illuminating,TABLE VII — GRENADES
M* GRENRIFWPM’,Smoke WP,TABLE VII — GRENADES
M* M*,Fragmentation,TABLE VII — GRENADES
M* MINE A PERS M*,Mines Anti-personnel,TABLE VIII — MINES
M12,MM M-12,TABLE IX – ROCKETS AND GUIDED MISSILES
M28A2,Tank M28A2,TABLE IX – ROCKETS AND GUIDED MISSILES
M29,(A1/A2),TABLE IX – ROCKETS AND GUIDED MISSILES
MA,Maintenance Area,general
ma,Mili Amperes,general
MA,"Military Assistant, Military Attache",APPOINTMENTS (LESS THOSE COVERED IN HIGHER DEF ORG)
MA,Mountain Artillery,general
MAC,Motor Ambulance Company (ASC),general
MACI (U),Member of American Concrete Institute,MILITARY QUALIFICATIONS
MAD,Medium Air Defence,general
MADCE (U),Member of the American Society of Civil Engineering,MILITARY QUALIFICATIONS
mag,Magazine,general
mag,Magnetic,general
MAG,Military Accountant General,STAFF AND APPTS
MAG,Military Accountant General,APPOINTMENTS (LESS THOSE COVERED IN HIGHER DEF ORG)
maint,Maintain,general
maint,Maintained,general
maint,Maintenance,general
maj,Major,general
Maj,Major,RANKS
Maj Gen,Major General,RANKS
MARS,Mobile Ammunition Repair Section,general
MAT,Medium Anti-Tank,general
math,Mathematical,general
math,Mathematics,general
max,Maximum,general
MBRL,Multi Barrel Rocket Launcher,general
MC,Motor Cycle,general
MCE,Military College of Engineering,general
MCIT (U),Member of the Chartered Institute of Transport London,MILITARY QUALIFICATIONS
MCO,Movement Control Officer,APPOINTMENTS (LESS THOSE COVERED IN HIGHER DEF ORG)
MCPO,Master Chief Petty Officer,RANKS
MCS,Military College of Signals,general
md,Married,general
MD,Model Discussion,general
MDB,Main Defensive Battle,general
MDS,Main Dressing Station,general
MDU,Mobile Dental Unit,general
ME,Maintenance Engineer,APPOINTMENTS (LESS THOSE COVERED IN HIGHER DEF ORG)
mech,Mechanic,general
mech,Mechanical,general
mech,Mechanized,general
med,Medical,general
med,medical,general
med,Medium,general
memo,Memorandum,general
MES,Military Engineering Service,general
met,Meteorological,general
met,Meteorology,general
MFC,Mobile Fire Controller,APPOINTMENTS (LESS THOSE COVERED IN HIGHER DEF ORG)
MFO,Military Forwarding Organisation,general
mfr,Manufacture,general
mfr,Manufactured,general
mfr,Manufacturer,general
mfr,Manufacturing,general
MG,Machine gun,ammunition
MG,Machine-gun,general
mg,Milligram,general
MGB,Medium Girder Bridge,general
mgmt,Management,general
MH,Military Hospital,general
MI,Military Intelligence,general
MI Room,Medical Inspection Room,general
MIA,Missing in Action,general
MIB,Mechanized Infantry Battalion,general
MIC,Medium Intensity Conflict,general
Mid,Midshipman,RANKS
MIE (Pak),Member of the Institute of Engineers (Pakistan),MILITARY QUALIFICATIONS
MIEE,Member of the Institute of Electronic Engineers,MILITARY QUALIFICATIONS
MIEEE (U),Members of the Institute of Electric and,MILITARY QUALIFICATIONS
mil,Military,general
min,Minimum,general
min,Minute,general
MINE,Mine,ammunition
MINE A PERS JUMPING P3,Mines Anti-Personnel Jumping P3,TABLE VIII — MINES
MINE ATK,Booster Mine Atk M4 BOOSTER M4,TABLE IX – ROCKETS AND GUIDED MISSILES
MINE ATK MI(P),Mines Anti-Tank MI(P),TABLE VIII — MINES
MINE ATK ND,Mines Anti-Tank Non-detectable,TABLE VIII — MINES
MINE ATK ND MI-i 02,Mines Anti-Tank Non-detectable 7.5 kg MI-i 02 (Bofors),TABLE VIII — MINES
MINE ATK ND P2 MK3,Mines Anti-Tank Non-detectable,TABLE VIII — MINES
MINE ATK ND SH 55,Mines Anti-Tank Non-detectable SH 55 (Italian),TABLE VIII — MINES
MINEATKNDM3,Mines Anti-Tank Non-detectable M3 (Belgium),TABLE VIII — MINES
misc,Miscellaneous,general
MISREP,Mission Report,general
mjd,Mujahid,general
Mjd,Mujahid,RANKS
mk,Mark,general
MK,Mark,ammunition
mk,Marked,general
MK* MINE A PERS P2 MK*,Mines Anti-personnel P2,TABLE VIII — MINES
MK* W/O FUZ,P2 MK Without fuze,TABLE VIII — MINES
MLBC,Mobile Laundry and Bath Company,general
MLC,Military Load Classification,general
MLRS,Multiple Launch Rocket System,general
mm,Millimetre,general
MM,Millimetres,ammunition
MM RKT,MM Rocket Drill,TABLE IX – ROCKETS AND GUIDED MISSILES
MM SUPER ENERGA WITH CART,Carts,TABLE VII — GRENADES
MMG,Medium Machine-gun,general
mnvr,Manoeuvre,general
MO,Medical Officer,APPOINTMENTS (LESS THOSE COVERED IN HIGHER DEF ORG)
mob,Mobile,general
mob,Mobility,general
mob,Mobilization,general
mob,Mobilize,general
MoD,Ministry of Defence,general
MoD,Ministry of Defence,STAFF AND APPTS
MOD,Moderate,ammunition
mor,Mortar,general
MOR,Mortar,ammunition
MOR FIRE,Mortar fire,ammunition
mortrep,Mortar Bombing Report,general
mot,Motor,general
mot,Motorized,general
mov,Move,general
mov,Moved,general
mov,Movement,general
mov O,Movement Order,general
MP,Military Police,general
mpb,Mean Point of Burst,general
mph,Miles per hour,general
mpi,Mean Point of Impact,general
MPIM,Members of the Pakistan Institute of Management,MILITARY QUALIFICATIONS
MPML,Manual of Pakistan Military Law,general
MPO,Mortar Position Officer,APPOINTMENTS (LESS THOSE COVERED IN HIGHER DEF ORG)
MR,Map Reading,general
MRE,Meal Ready to Eat,general
MRT,Mobile Repair Team,general
MS,Military Secretary,STAFF AND APPTS
MS Branch,Military Secretary Branch,STAFF AND APPTS
msct,Miscreant,general
MSD,Minimum Safe Distance,ammunition
msg,Message,general
Mshl of the Air,Marshal of the Air Force,RANKS
MSIR,Monthly Security Intelligence Report,general
msl,Missile,general
msn,Mission,general
MSR,Main Supply Route,general
MST,Mobile Surgical Team,general
MT,Mechanical Transport,general
MT,Megaton,general
mtd,Mounted,general
mtg,Mounting,general
mtn,Mountain,general
mtn,Mountainous,general
MTO,Mechanical Transport Officer,APPOINTMENTS (LESS THOSE COVERED IN HIGHER DEF ORG)
MTSQ,Time Mechanical and super quick,ammunition
MTTS,Moving Target Trolley system,general
MULT,"Multiple, Multi-purpose",ammunition
MV,Muzzle Velocity,general
MVH,Military Veterinary Hospital,general
MVRDE,Military Vehicles Research and Development Establishment,STAFF AND APPTS
MW,Mountain Warfare,general
MWO,Master Warrant Officer,RANKS
N Ris/N Sub,Naib Risaldar/Naib Subedar,RANKS
N St,Nishan-i-Shujaat,HONOURS AND AWARDS
NA,Not Applicable,general
NA,Not Available,general
narr,Narrative,general
nav,Navigate,general
nav,Navigated,general
nav,Navigation,general
nav,Navigational,general
NAVAL,Naval,ammunition
Naval Sectt,Naval Secretariat,STAFF AND APPTS
Naval Secy,Naval Secretary,STAFF AND APPTS
NBC,"Nuclear, Biological and Chemical",general
NBCD,"Nuclear, Biological and Chemical Defence",general
NC,Nitro Cellulose,ammunition
NC,Non-Combatant,APPOINTMENTS (LESS THOSE COVERED IN HIGHER DEF ORG)
NC,Northern Command,general
NC (E),Non-Combatant (Enrolled),APPOINTMENTS (LESS THOSE COVERED IN HIGHER DEF ORG)
NC (U),Non-Combatant (Unenrolled),APPOINTMENTS (LESS THOSE COVERED IN HIGHER DEF ORG)
NCA,National Command Authority,general
"NCA, NCC","National Command Authority, National Command Centre",STAFF AND APPTS
NCB,Non Combatant Bearer,general
NCB,Non-Combatant Bearer Pakistan Navy,RANKS
NCC,National Command Centre,general
NCO,Non-Commissioned Officer,APPOINTMENTS (LESS THOSE COVERED IN HIGHER DEF ORG)
NCW,Net Centric Warfare,general
ND DET FOR MINE ATK,Detonator for Mines Anti-Tank,TABLE VIII — MINES
ND SH 55,SH 55,TABLE VIII — MINES
ndc,National Defence Course,MILITARY QUALIFICATIONS
ndc (Ch),Advance Higher Command Training Course NDU China,MILITARY QUALIFICATIONS
NDMA,National Disaster Management Authority,general
NDU,National Defence University,general
NDU,National Defence University,STAFF AND APPTS
nec,(d),general
nec,Necessary,general
nec,Necessitate,general
nec,Necessity,general
neg,Negative,general
NEG,Negligible,ammunition
neut,Neutralisation,general
neut,Neutralise,general
neut,Neutralised,general
NFA,No Further Action,general
NFC,Note for Consideration,general
NG,National Guard,general
NG,Nitro Glycerin,ammunition
NH,Nishan-i-Haider,HONOURS AND AWARDS
NHQ,Naval Headquarters,general
NHQ,Naval Headquarters,STAFF AND APPTS
NI,Naval Intelligence,STAFF AND APPTS
ni,Night,general
NI (M),Nishan-i-Imtiaz (Military),HONOURS AND AWARDS
NIS,Net Identification Sign,general
Nk/ALD,Naik/Acting Lance Daffadar,RANKS
NLI,Northern Light Infantry,general
NM,Nautical Mile,general
NMB,No Move Before,general
NML,No Man’s Land,general
NMOC,National Military Operation Centre,general
no,Number,general
no,Numbered,general
NOE,Nap of Earth,general
NOK,Next of Kin,general
nomen,Nomenclature,general
NOO,Not on Original,general
NPP,Naval Ports and Project,STAFF AND APPTS
nswc,National Security and War Course,MILITARY QUALIFICATIONS
NTR,Nothing to Report,general
nuc,Nuclear,general
NUML,National University of Modern Languages,general
NUST,National University of Science and Technology,general
NVD,Night Vision Device,general
NVS,National Voluntary Service,general
NW,Nuclear Warfare,general
NWh N,Nadi,general
NWh N,Nala (only used in conjunction with a name),general
NWh N,Nuclear Warhead Nullah,general
O gp,Order Group,general
O&M,Organisation and Methods,general
OA,Out of Action,general
OAD,Ordnance Aviation Depot,general
OAS,Offensive Air Support,general
OAS,Office Automation System,general
obj,Objective,general
objn,Objection,general
OBS,Observing,ammunition
obs,Obstacle,general
obs,Obstacles,general
obsn,Observation,general
obsr,Observer,general
OC,Officer Commanding,APPOINTMENTS (LESS THOSE COVERED IN HIGHER DEF ORG)
OD,Ordinary Seaman Pakistan Air Force,RANKS
OEI,Officer Efficiency Index,general
OER,Officer (s) Evaluation Report,general
offg,Officiating,general
offn,Offence,general
offn,Offensive,general
offr,Officer,general
OHC,Overhead Cover,general
OHP,Overhead Protection,general
OIC,Officer-in-Charge (of),APPOINTMENTS (LESS THOSE COVERED IN HIGHER DEF ORG)
OO,Operation Order,general
OO,Ordnance Officer,APPOINTMENTS (LESS THOSE COVERED IN HIGHER DEF ORG)
OODA,Observe – Orintate – Decide – Act,general
OOM,Order of March,general
OOTW,Operations Other Than War,general
OP,Observation Post,general
op,Operate,general
op,Operated,general
op,Operation,general
op,Operational,general
op,Operator,general
oppn,Opposition,general
Ops Branch,Operations Branch,STAFF AND APPTS
ORANGE,Orange,ammunition
orbat,Order of Battle,general
ord,Ordnance,general
ordep,Ordnance Depot,general
org,Organisation,general
org,Organise,general
org,Organised,general
ORM,Off Route Mine,ammunition
OS,Offensive Support,general
OS,Officer Supervisor,general
OS,Ordanance Services,general
OS,Ordnance Services,general
OS,Outstanding,general
OSD,Officer on Special Duty,APPOINTMENTS (LESS THOSE COVERED IN HIGHER DEF ORG)
OSL,Overstay Leave,general
OT,Observer to Target (imaginary line),general
OTP,One Time Pad,general
OTP,One Time Process,general
oz,Ounce,general
P&A,Pay and Allowances,general
P/L,Privilege Leave,general
P1* FUZ,HEAT P1 MK2 Fuzed*,TABLE II – FIELD ARTILLERY AMMUNITION
PA,Personal Assistant,APPOINTMENTS (LESS THOSE COVERED IN HIGHER DEF ORG)
PAA,Pakistan Army Act,general
PAC,Pakistan Aeronautical Complex,STAFF AND APPTS
PAD,Passive Air Defence,general
PADM,Passive Air Defence Measures,general
PAF,8. Pakistan Air Force,STAFF AND APPTS
PAF,Pakistan Air Force,general
PAID Card,Pakistan Army Identity Card,general
Pak Army,6. Pakistan Army,STAFF AND APPTS
PAO,Pakistan Army Order,general
PAO,Pro Active Operations,general
PARA,Pakistan Army Rifle Association,general
para,Parachute,general
para,Paragraph,general
PARAB,Parabellium,ammunition
PASB,Pakistan Armed Services Board,STAFF AND APPTS
PATCOMS,Pakistan Army Tactical Communication System,general
PATLO,Pakistan Army Technical Liaison Officer,general
PB,Preparatory Bombardment,general
PBG,President’s Bodyguard,general
PC,Personal Computer,general
PC,Post Commander,general
pd,Per day,general
pd,Period,general
PD,Point Detonating,ammunition
PE,Plastic explosive,ammunition
PE,Project Engineer,APPOINTMENTS (LESS THOSE COVERED IN HIGHER DEF ORG)
PE,Project Engineer,MILITARY QUALIFICATIONS
PED,Probable Error in Deflection,ammunition
PEEC,Professional Engineer with Pakistan Engineering Council,MILITARY QUALIFICATIONS
PEH,Probable Error in Height,ammunition
pen,Penetrate,general
pen,Penetrated,general
pen,Penetration,general
PENT,Pentolite,ammunition
PER,Probable Error in Range,ammunition
PERC,Percussion,ammunition
perintrep,Periodical Intelligence Report,general
PERM,Permanent,ammunition
pers,Personnel,general
pet,Petroleum,general
PET,Physical Efficiency Test,general
PGM,Precision Guided Munition,general
Ph,Phase,general
Ph,Phased,general
Ph,Phasing,general
ph R,Photographic Reconnaissance,general
photo,Photograph,general
photo,Photographer,general
photo,Photographic,general
photo,Photography,general
Phy,Physically,general
PIAC,Pakistan International Airlines Corporation,STAFF AND APPTS
PIST,Pistol,ammunition
PIT,Pre-Induction Training,general
PKO,Peacekeeping Operation,general
PL,Phase Line,general
pl,Platoon,general
pl,Please,general
PlC POWD,Pieric Powder,ammunition
PLGD,Plugged,ammunition
PLGD (BRDT),(Brandt) Plugged,TABLE IV – MORTAR AMMUNITION
PLGD (BRDT),Plugged,TABLE IV – MORTAR AMMUNITION
Plt Offr,Pilot Officer,RANKS
PM,Packing Material,general
Pm,Per month,general
PM,Prime Minister,STAFF AND APPTS
PMA,Pakistan Military Academy,general
PMC,President Mess Committee,APPOINTMENTS (LESS THOSE COVERED IN HIGHER DEF ORG)
PN,7. Pakistan Navy,STAFF AND APPTS
PN,Pakistan Navy,general
pnr,Pioneer,general
PO,Petty Officer,RANKS
PO,Post Office,general
POF,Pakistan Ordnance Factories,STAFF AND APPTS
POINT,Decimal point,ammunition
POINT 45 BALL,Cartridges SA Ball .45 in M 1911,TABLE X – SMALL ARMS LAND SERVICE AMMUNITION
POINT 455 BALL REV,Cartridges SA Ball .455 in Revolver,TABLE X – SMALL ARMS LAND SERVICE AMMUNITION
POINT 455 BALL REV,Cartridges SA Ball .455 in Revolver Un-Jacketed,TABLE X – SMALL ARMS LAND SERVICE AMMUNITION
POL,"Petroleum, Oils and Lubricants",general
PORT FIRE,Port fire Common,TABLE V – PYROTECHNICS
posn,Position,general
POT SMK,Pot Smoke HC Ml,TABLE V – PYROTECHNICS
PP,Petrol Point,general
pqt,Picquet,general
pqt,Picqueted,general
PR,Pakistan Railways,general
PR,Pakistan Rangers,general
pr,Pounder,general
PR,Public Relations,general
prac,Practical,general
prac,Practically,general
prac,practice,general
PRAC,Practice,ammunition
prac,practiced,general
prelim,Preliminary,general
prep,Preparation,general
prep,Preparatory,general
prep,Prepare,general
prep,Prepared,general
PRESS,Pressure,ammunition
pri,Priority,general
PRIM,Primer,ammunition
PRIMY,Primary,ammunition
pro,Provost,general
PRO,Public Relations Officer,general
progm,Programme,general
progm,Programmed,general
progm,Programmer,general
progm,Programming,general
proj,Project,general
proj,Projected,general
proj,Projectile,general
PROJ,Projectile,ammunition
proj,Projector,general
prom,Promote,general
prom,Promoted,general
prom,Promotion,general
PROPS,Propellants,ammunition
provn,Provision,general
PROX,Proximity,ammunition
PRP,Petroleum Refilling Point,general
PS (C),Private Secretary (Chief),STAFF AND APPTS
PS (D),Private Secretary (Deputy Chief),STAFF AND APPTS
PS (V),Private Secretary (Vice Chief),STAFF AND APPTS
psa,Passed Staff Course at Pakistan Air Force Staff College,MILITARY QUALIFICATIONS
psc,Passed Staff Course at Command and Staff College,MILITARY QUALIFICATIONS
psn,Passed Staff Course at Navy Staff College,MILITARY QUALIFICATIONS
PSO,Principal Staff Officer,APPOINTMENTS (LESS THOSE COVERED IN HIGHER DEF ORG)
psy W,Psychological Warfare,general
PT,Physical Training,general
pt,Point,general
pte,Private,general
ptl,Patrol,general
ptl,Patrolled,general
ptl,Patrolling,general
pts B/D/A,"During, After",general
pts B/D/A,Points Before,general
ptsc,Passed Technical Staff Course in Pakistan,MILITARY QUALIFICATIONS
PU,Put Up,general
pub,Public,general
pub,Publication,general
pub,Publicity,general
pub,Publish,general
pub,Published,general
PUC,Paper Under Consideration,general
PULL,Pull,ammunition
Punjab,e.g. 6 Punjab,general
Punjab,Punjab Regiment’s battalion,general
PUP,Pick Up Point,general
PUP,Pull Up Point,general
PUR,Put Up with Reference (s),general
PW,Prisoner of War,general
Q (Br),Quartermaster General (Branch),general
Q (Log),Quartermaster General (Logistics),general
Q (Matters),Quartermaster General (Matters),general
Q (Qtg),Quartermaster General (Quartering),general
Q (Staff),Quartermaster General (Staff),general
QF,Quick firing,ammunition
QFI,Qualified Flying Instructor,general
QIP,Quick Impact Project,general
QM,Quartermaster,APPOINTMENTS (LESS THOSE COVERED IN HIGHER DEF ORG)
QMG,Quartermaster General,STAFF AND APPTS
QMG Branch,Quartermaster General’s Branch,STAFF AND APPTS
QPQ,Quid Pro Quo,general
QR,Quick Reconnaissance,general
QRC,Quick Reaction Course,general
QRF,Quick Reaction Force,general
QRT,Quick Reaction Team,general
qsl,Qualified in a Selected Language,MILITARY QUALIFICATIONS
qtg,Quartering,general
qtly,Quarterly,general
qtr,Quarter,general
qty,Quantity,general
qual,Qualification,general
qual,Qualified,general
qual,Quality,general
QUICK MAT,Quick match,ammunition
QUOTE UNQUOTE,Quotation marks (in messages only),general
R Adm,Rear Admiral,RANKS
R&D,Research and Development,general
R/CHG * FUZ,Charge Fuze*,TABLE II – FIELD ARTILLERY AMMUNITION
R/CHG * FUZ,Fuze No*,TABLE II – FIELD ARTILLERY AMMUNITION
r/hr,Rads Per Hour,general
RA,Ration Allowance,general
RAAM,Remote Anti-Armour Mine,ammunition
RAC,Regional Air Command,general
rad A,Radioactive,general
RADEC,Radar echo,ammunition
RAP,Regimental Aid Post,general
RASO,Rear Airfield Supply Organization,general
rat,Ration,general
RC,Regimental Centre,general
rcds (UK),Royal College of Defence Studies (UK),MILITARY QUALIFICATIONS
RCG,Radar Controlled Gun,general
RCIED,Improvised Explosive Device (s) (Remote(ly) Controlled),general
RCL,Recoilless,ammunition
RCM,Radar/Radio Countermeasures,general
RCP,Regimental Command Post,general
RD,Radius of Damage,ammunition
rd,Road,general
rd,Round,general
RD,Round,ammunition
rd H,Road Head,general
RDF,Radio Direction Finder,general
RDMS,Rocket/Remotely Delivered Mine System,general
RDX (CZECH),Cyclonite Czechoslovakia,ammunition
rec,Recover,general
rec,Recovered,general
rec,Recovery,general
recce,Reconnaissance,general
recce,Reconnoitre,general
recce,Reconnoitred,general
recom,Recommendation,general
rect,Recruit,general
Rect,Recruit,RANKS
rect,Recruiting,general
rect,Recruitment,general
RED,Red,ammunition
RED,Reduced Charge,ammunition
RED (BELG),Mortars Single Star Red (Belgium),TABLE IV – MORTAR AMMUNITION
ref,Refer,general
ref,Reference,general
ref,Referred,general
ref,Refers,general
reg,Regular,general
reg,Regulate,general
reg,Regulated,general
reg,Regulation,general
regd,Registered,general
regn,Registration,general
regt,Regiment,general
regt,Regimental,general
rel,Release,general
rel,Released,general
rel,Relieve,general
rel,Relieved,general
rel P,Release Point,general
relq,Relinquished,general
reorg,Reorganisation,general
reorg,Reorganise,general
reorg,Reorganised,general
rep,Represent,general
rep,Representative,general
rep,Represented,general
req,Require,general
req,Required,general
req,Requirement,general
res,Reserve,general
res,Reserves,general
resp,Responsibility,general
resp,Responsible,general
restd,Restricted,general
RET,Range Efficiency Test,general
retd,Retired,general
REV,Revolver,ammunition
RF,Radio Frequency,general
RF,Rifle fire,ammunition
rfn,Rifleman,general
rfn,Riflemen,general
rft,Reinforce,general
rft,Reinforcement,general
rg,Range,general
rg,Ranging,general
RH,Relative Height,general
RH,Rest House,general
RHM,Regimental Havildar Major,APPOINTMENTS (LESS THOSE COVERED IN HIGHER DEF ORG)
RHQ,Regimental Headquarters,general
RI R,Rigorous Imprisonment River,general
RI R,Riverine,general
RI R,Riviera (only used in conjunction with a name),general
RIF,Rifle,ammunition
Rifle,Cartridges QF 75 MM Recoilless,TABLE II – FIELD ARTILLERY AMMUNITION
RIM,Rimfire,ammunition
Ris/Sub,Risaldar/Subedar,RANKS
rkt,Rocket,general
RKT,Rocket,ammunition
RKT 3 POINT 5 HEAT,Rocket 3.5 inch high Explosive Anti-,TABLE IX – ROCKETS AND GUIDED MISSILES
RKT 3 POINT 5 PRAC,Rocket 3.5 inch high Prac M29,TABLE IX – ROCKETS AND GUIDED MISSILES
RKT 3 POINT 5 SMK,Rocket 3.5 inch Smoke WP M30,TABLE IX – ROCKETS AND GUIDED MISSILES
RKT 83 MM HEAT,Rocket high Explosive Anti-Tank 83,TABLE IX – ROCKETS AND GUIDED MISSILES
RKT 83 MM HEAT M3,Rocket high Explosive Anti-Tank 83 MM M-3,TABLE IX – ROCKETS AND GUIDED MISSILES
RL,Rocket Launcher,general
rl H,Railhead,general
rly,Railway,general
RLYMTG,Railway mounting,ammunition
RM/SM,Risaldar Major/Subedar Major,RANKS
RMJ,Repairable Major,ammunition
RMO,Regimental Medical Officer,APPOINTMENTS (LESS THOSE COVERED IN HIGHER DEF ORG)
RO,Recruiting Officer,APPOINTMENTS (LESS THOSE COVERED IN HIGHER DEF ORG)
RO,Routine Order,general
ROA,Rate of Advance,general
ROD,Road Opening Day,general
ROF,Rate of Fire,general
RP,Range Practice,ammunition
RP,Refilling Point,general
RP,Regimental Police,general
rpg (pm),Rounds per gun (per minute),general
rpl,Replenish,general
rpl,Replenishment,general
rpmor (pm),Rounds per mortar (per minute),general
rptd,Repeated,general
RQMH,Regimental Quartermaster Havildar,APPOINTMENTS (LESS THOSE COVERED IN HIGHER DEF ORG)
rqn,Requisition,general
RR,Radio Relay,general
RR,Ration Return,general
RR,Recoilless Rifle,general
RR (RUSS),Recoilless Rifle Russian,ammunition
RS,Railway Station,general
RSD,Reserve Supply Depot,general
RSO,Regimental Survey Officer,APPOINTMENTS (LESS THOSE COVERED IN HIGHER DEF ORG)
RSSD,Returned Stores Sub Depot,general
RT,Radio Telephony,general
RT,Recruit Test,general
RT,Religious Teacher,APPOINTMENTS (LESS THOSE COVERED IN HIGHER DEF ORG)
rt,Right,general
RTO,"Railway Traffic Officer, Rail Transportation Officer",APPOINTMENTS (LESS THOSE COVERED IN HIGHER DEF ORG)
RTU,"Return, (ed) to Unit",general
RV,Receipt Voucher,general
RV,Rendezvous,general
RV&FC,"Remount, Veterinary and Farms Corps",general
rvt,Reversion,general
rvt,Revert,general
rvt,Reverted,general
RW,Radiological Warfare,general
RW,Riverine Warfare,general
RW,Rivine Warfare,general
RW,Rotary Wing,general
S Bt,Sitara-i-Basalat,HONOURS AND AWARDS
S Lt,Sub Lieutenant,RANKS
S of A,School of Artillery,general
S of E,Summary of Evidence,general
S St,Sitara-i-Shujaat,HONOURS AND AWARDS
S&T,Supply and Transport,general
SA,Small Arms,general
SA&MW,School of Armour and Mechanised Warfare,general
SAA,Small Arms Ammunition,general
SAAD,School of Army Air Defence,general
SAC,Senior Aircraftman,RANKS
SAGW,Surface to Air Guided Weapons,general
sal,Salvage,general
sal,Salvaged,general
SAM,Surface to Air Missile,general
SAP,Semi Armour Piercing,ammunition
SAP,Shot,ammunition
SAPHE,High Explosive Semi armour piercing,ammunition
SAR,Search and Rescue,general
SATA,Surveillance and Target Acquisition,general
SB,Selection Board,general
SB,Stretcher Bearer,APPOINTMENTS (LESS THOSE COVERED IN HIGHER DEF ORG)
SC,Southern Command,general
SC,Staff Captain,APPOINTMENTS (LESS THOSE COVERED IN HIGHER DEF ORG)
sch,Schedule,general
SCM,Summary Court Martial,general
SCR,"Surveillance, Control and Reporting",general
SCT,Summer Collective Training,general
SD,Self Destruction,ammunition
SD,Service Dress,general
SD,Staff Duties,general
SD Dte,Staff Duties Directorate,STAFF AND APPTS
SDD,Stores Distribution Depot,general
SDL,Standard Distribution List,general
SDO,Sub Division Officer,APPOINTMENTS (LESS THOSE COVERED IN HIGHER DEF ORG)
SDR,Special Despatch Rider,general
sdry,Secondary,general
SDS,Signal Despatch Service,general
SE,Superintending Engineer,APPOINTMENTS (LESS THOSE COVERED IN HIGHER DEF ORG)
SEAD,Suppression of Enemy Air Defence,general
sec,Second,general
sec,Section,general
sec,Sector,general
sect,Secretariat,general
secy,Secretary,general
Secy CSD,Secretary Canteen Stores Department,STAFF AND APPTS
sel,Select,general
sel,Selected,general
sel,Selection,general
Sep,Sepoy,RANKS
seq,(ly),general
seq,Sequence,general
seq,Sequential,general
ser,Serial,general
SER,Serial,ammunition
SF,Striking Force,general
SFN,Strategic Forces North,general
SFS,Strategic Forces South,general
SG Def,Secretary General Defence,STAFF AND APPTS
SGCM,Summary General Court Martial,general
SHARP,Shrapnel,ammunition
shelrep,Shelling Report,general
SHF,Super High Frequency,general
SHLD,"Shielding, Shield, Shielded",ammunition
SHORADS,Short-Range Air Defence System,general
SHORADS,System,general
SI,Senior Instructor,APPOINTMENTS (LESS THOSE COVERED IN HIGHER DEF ORG)
SI (M),Sitara-i-Imtiaz (Military),HONOURS AND AWARDS
SI&T,School of Infantry and Tactics,general
SIB,Special Investigation Branch,general
SIB,Standard Infantry Battalion,general
sig,Signal,general
SIG,Signal,ammunition
sig,Signaler,general
sig,Signalman,general
Sig,Signalman,RANKS
sig,Signalmen,general
sigcen,Signal Centre,general
Sigs,Corps of Signals,general
sigs,Signals,general
SIL,Seriously Ill List,general
SIM,Simulator,ammunition
Sind,"Sind Regiment’s Battalion, e.g. 3 Sind",general
SINREP,Signal Intelligence Report,general
SIQ,Sick in Quarters,general
sit,Situation,general
sitmap,Situation Map,general
sitrep,Situation Report,general
SJ,Sitara-i-Jurat,HONOURS AND AWARDS
SKY* FUZ,Sky trail Fuze No* Red Yellow,TABLE IV – MORTAR AMMUNITION
SL,Start Line,general
SLAB GC,Gun Cotton Wet Slabs field 1,TABLE VI – DEMOLITION EXPLOSIVES AND
sldr,Soldier,general
SM,Small Arms Ammunition,ammunition
SMArt,Sensor Fuzed Munitions Artillery,ammunition
SMG,Strategic Missile Group,general
SMG,Sub-Machine Gun,general
SMI,School of Military Intelligence,general
smk,Smoke,general
SMK,Smoke,ammunition
SMK,Smoke Coloured,ammunition
SMK EMIS,Smoke Emission,ammunition
SMK SKY,Smoke Coloured skytrail,ammunition
SMKLS,Smokeless,ammunition
SMKWP,Smoke bursting white phosphorus,ammunition
sml,Simulator,general
SMO,Senior Medical Officer,APPOINTMENTS (LESS THOSE COVERED IN HIGHER DEF ORG)
SN,Self Neutralization,ammunition
snr,Senior,general
Snr Tech,Senior Technician,RANKS
SO,Staff Officer,APPOINTMENTS (LESS THOSE COVERED IN HIGHER DEF ORG)
SO (O-1),Staff Officer (O-1),STAFF AND APPTS
SO (Ops),Staff Officer Operations,STAFF AND APPTS
SO (UW/G),Staff Officer (Under Warfare/Gunnery),STAFF AND APPTS
SO 1,Staff Officer Grade 1,APPOINTMENTS (LESS THOSE COVERED IN HIGHER DEF ORG)
SO 2,Staff Officer Grade 2,APPOINTMENTS (LESS THOSE COVERED IN HIGHER DEF ORG)
SO 3,Staff Officer Grade 3,APPOINTMENTS (LESS THOSE COVERED IN HIGHER DEF ORG)
SO Naval Appt,Staff Officer Naval Appointment,STAFF AND APPTS
SO Sig-I,Staff Officer Signal-I,STAFF AND APPTS
SO Sig-II,Staff Officer Signal-II,STAFF AND APPTS
SO to DG NPP,Staff Officer to Director General Naval Ports and Projects,STAFF AND APPTS
SO-in-C,Signals Officer in Chief,STAFF AND APPTS
SOC,Sector Operations Centre,general
SOD,Struck off Duty,general
soln,Solution,general
SOP,Standing Operating Procedure,general
SORS,Struck off Ration Strength,general
SOS,Save our Souls,general
SOS,Struck off Strength,general
SOW,Standing Orders for War,general
SP,Self-Propelled,general
SP,Start Point,general
sp,Support,general
sp,Supported,general
sp,Supporting,general
SPAO,Special Pakistan Army Order,general
SPD,Strategic Plans Division,general
spec,Special,general
spec,Specialist,general
spk,Speak,general
Spr,Sapper,RANKS
sq,Square,general
SQ,Super quick,ammunition
sqn,Squadron,general
Sqn Ldr,Squadron Leader,RANKS
SR,Strategic Reserves,general
SRP,Supply Replenishment Point,general
SSD,Station Supply Depot,general
SSG,Special Service Group,general
SSGW,Surface to Surface Guided Weapons,general
SSI,Standing Signal Instructions,general
SSM,Surface to Surface Missile,general
SSO,Station Staff Officer,APPOINTMENTS (LESS THOSE COVERED IN HIGHER DEF ORG)
ST,Start Time,general
st,Street,general
sta,Station,general
sta,Stationary,general
sta,Stationed,general
STAR,Star,ammunition
stat,Statistical,general
stat,Statistics,general
STC,Signal Training Centre,general
std,Standard,general
std,Standardise,general
std,Standardised,general
STO,Station Transport Officer,APPOINTMENTS (LESS THOSE COVERED IN HIGHER DEF ORG)
str,Strength,general
str,Strengthen,general
str,Strengthened,general
str,strong,general
strat,Strategic,general
strat,Strategical,general
strat,Strategy,general
strat R,Strategical Reconnaissance,general
sty,Stationery,general
SUBCAL,Subcalibre,ammunition
subj,Subject,general
subs,Subscription,general
subs,Substantive,general
SUM,Surface to Underwater Missile,general
sup,Supplied,general
sup,Supply,general
sup P,Supply Point,general
supdt,Superintendent,general
SUPER,Supercharge,ammunition
SUPER ENERGA WITH CART,Carts*,TABLE VII — GRENADES
SUPHO,Super high capacity,ammunition
supintrep,Supplementary Intelligence Report,general
SUPPLCHG,Supplementary charge,ammunition
sur,Surplus,general
surg,Surgeon,general
surg,Surgery,general
surg,Surgical,general
surv,Surveillance,general
SV,Super velocity,ammunition
svc,Service,general
svc,Serviceable,general
svc,Serviced,general
svy,Survey,general
swbd,Switchboard,general
Swr,Sowar,RANKS
SWT,Switch,ammunition
syn,Syndicate,general
sync,Synchronise,general
sync,synchronization,general
sys,System,general
SZ,Security Zone,general
T,Terrorist,general
T Bt,Tamgha-i-Basalat,HONOURS AND AWARDS
T of O,Time of Origin,general
T St,Tamgha-i-Shujaat,HONOURS AND AWARDS
TA,Technical Assistant,APPOINTMENTS (LESS THOSE COVERED IN HIGHER DEF ORG)
tac,Tactical,general
tac,Tactics,general
tac R,Tactical Reconnaissance,general
TAF,Tactical Air Force,general
TASC,Tactical Air Support Centre,general
TC,Traffic Control,general
tcl,Tentacle,general
TCR,Tactical Control Radar,general
TCV,Troops Carrying Vehicle,general
TD,Temporary Duty,general
TD,Tutorial Discussion,general
tdn,Tradesman,general
tdn,Tradesmen,general
TDP,Target Director Post,general
te,Telecommunication Engineering Course,MILITARY QUALIFICATIONS
te (UK),Telecommunication Engineering Course in United Kingdom,MILITARY QUALIFICATIONS
tech,"(ly), Technician",general
tech,Technical,general
tech,Technique,general
tech,Technology,general
teh,Tehsil,general
tel,Telephone,general
telcomm,Telecommunication,general
telcon,Telephone Conversation,general
temp,Temperature,general
temp,Temporary,general
TET,Tetryl,ammunition
TEV,Terminal Equipment Vehicle,general
TEWT,Tactical Exercise Without Troops,general
TF,Task Force,general
tfc,Traffic,general
tfc,Trafficability,general
TFR,Theatre Force Reserve,general
tfr,Transfer,general
tfr,Transfered,general
tg,Telegram,general
tg,Telegraph,general
tg,Telegraphic,general
tgt,Target,general
TI (M),Tamgha-i-Imtiaz (Military),HONOURS AND AWARDS
TJ,Tamgha-i-Jurat,HONOURS AND AWARDS
tk,Tank,general
Tk (I),Tamgha-i-Khidmat (Military) Class I,HONOURS AND AWARDS
Tk (II),Tamgha-i-Khidmat (Military) Class II,HONOURS AND AWARDS
Tk (III),Tamgha-i-Khidmat (Military) Class III,HONOURS AND AWARDS
TLE,Target Location Error,ammunition
tlr,Trailer,general
TM,Technical Manual,general
tn,Transportation,general
TNT,Trinitrotoluene,ammunition
TO,"Transport Officer (only when used with brigade, battalion, etc), Technical Officer",APPOINTMENTS (LESS THOSE COVERED IN HIGHER DEF ORG)
TO&E,Table of Organisation and Equipment,general
TOD,Time of Despatch,general
TOF,Time of Flight,general
topo,Topographic,general
topo,Topographical,general
topo,Topography,general
topsec,Top Secret,general
TOR,Time of Receipt,general
Torp,Torpedoes,ammunition
TOS,Taken on Strength,general
TOT,Time on Target (artillery),general
TOT,Time Over Target (air),general
TOW,Tube launched optically tracked wire guided,ammunition
toxrep,Toxic Incident Report,general
TP,Traffic Post,general
tp,Troop,general
TPCN,Time and Percussion,ammunition
TPP,Time Past a Point,general
tpt,Transport,general
tpt,Transported,general
tptr,Transporter,general
tr,Track,general
tr,Tracked,general
TR,Treasury Receipt,general
TRA or T,Tracer,ammunition
TRAN,Transient,ammunition
trg,Training,general
TRG DEVICE PUS-7 (RUSS),Bullet T-45 for training device PUS-7 (device for tracing firing from RPG-7),TABLE VII — GRENADES
trk,Truck,general
TS FUZ MINE ATK ND M3T,Fuze Mine Anti-Tank ND M3,TABLE VIII — MINES
TSO,Technical Staff Officer,APPOINTMENTS (LESS THOSE COVERED IN HIGHER DEF ORG)
TSQ,Time and super quick,ammunition
TUBE,Tube,ammunition
tx,Transmission,general
tx,Transmit,general
tx,Transmitted,general
tx,Transmitter,general
tx,Transmitting,general
U,Universal Cavity,ammunition
u/m,Under mentioned,general
u/r,Under Reference,general
UA,Unit Accountant,general
UAC,Un Armed Combat,general
UAV,Unmanned Aerial Vehicle,general
UC,Under Carriage,general
UC,Under Command,general
UC,Under Consideration,general
UG,Underground,general
UHF,Ultra High Frequency,general
unclas,Unclassified,general
UP,Unpaid,general
URO,Unit Repair Organization,general
USA,American,ammunition
USO,Unit Security Officer,general
UXB,Unexploded Bomb,general
V Adm,Vice Admiral,RANKS
V gd,Vanguard,general
VA,Vulnerable Area,general
vac,Vacancy,general
VBIED,Improvised Explosive Device (s) (Vehicle Borne),general
VCAS,Vice Chief of Air Staff,STAFF AND APPTS
VCGS (B),Vice Chief of General Staff (B),STAFF AND APPTS
VCGS(A),Vice Chief of General Staff (A),STAFF AND APPTS
VCLS,Vice Chief of Logistics Staff,STAFF AND APPTS
VCOAS,Vice Chief of Army Staff,STAFF AND APPTS
VD,Venereal Disease,general
veh,Vehicle,general
vel,Velocity,general
vet,Veterinary,general
VG,Vital Ground,general
VHF,Very High Frequency,general
vill,Village,general
VIP,Very Important Person,general
vis,Visibility,general
vis,Visible,general
vis,Visual,general
vis,Visualisation,general
VKL,Vehicle Kit List,general
VM,Vehicle Mechanic,general
VMA,Vehicle Marshalling Area,general
VMS,Vice Military Secretary,STAFF AND APPTS
VO,Verbal Order,general
VO,Veterinary Officer,APPOINTMENTS (LESS THOSE COVERED IN HIGHER DEF ORG)
vol,Volume,general
vol,Voluminous,general
VP,Vulnerable Point,general
vpkm,Vehicles per kilometre,general
VR,Visual Reconnaissance,general
VSD,Vehicle Sub Depot,general
VSL,Vehicle Safe Lane,general
VT,Variable Time,general
vuln,Vulnerability,general
vuln,Vulnerable,general
VVIP,Very Very Important Person,general
VWA,Vehicle Waiting Area,general
w/tk,Water Tank,general
w/tlr,Water Trailer,general
WAA,Well Above Average,general
WAN,Wide Area Network,general
WCT,Winter Collective Training,general
wdr,Withdraw,general
wdr,Withdrawal,general
wdr,Withdrawn,general
wef,With effect from,general
wel,Welfare,general
Wg Cdr,Wing Commander,RANKS
wh,Wheel,general
wh,Wheeled,general
WHAM,Winning Hearts and Minds,general
WHI,White,ammunition
WIA,Wounded in Action,general
WITH FUZ,P2 MK3 With Fuze,TABLE VIII — MINES
wksp,Workshop,general
WL,Wagon Line,general
WMT,Watermanship Training,general
wng,Warning,general
wng O,Warning Order,general
WO,Warrant Officer,RANKS
WP,Water Point,general
WP,White phosphorus,ammunition
WP 75 MM WP,Smoke,TABLE II – FIELD ARTILLERY AMMUNITION
WP GREN HAND* WP,No* Smoke No* Smoke Blue,TABLE VII — GRENADES
WP M30,(T2783),TABLE IX – ROCKETS AND GUIDED MISSILES
wpf,Water Proof,general
wpn,Weapons,general
wrls,Wireless,general
wrt,With reference to,general
WS,Wireless Set,general
WT,Weapon Training,general
wt,Weight,general
WT,Wireless Telegraphy,general
WWR,War Wastage Rate,general
X cty,Cross country,general
X rds,Cross roads,general
XEN,Executive Engineer,APPOINTMENTS (LESS THOSE COVERED IN HIGHER DEF ORG)
xing,"Crossing (applied to roads, rivers etc)",general
yd,Yard,general
YEL,Yellow,ammunition
YO,Young Officer,general
yr,Year,general
yr,Yearly,general
Z,Zone,general
